0	1	2	3	4	5	6	7	8
NC_000018.10	BestRefSeq%2CGnomon	gene	47212	73539	.	-	.	"gene_id ""TUBB8B""; transcript_id """"; db_xref ""GeneID:260334""; db_xref ""HGNC:HGNC:24983""; description ""tubulin beta 8B""; gbkey ""Gene""; gene ""TUBB8B""; gene_biotype ""protein_coding""; gene_synonym ""TUBB8P12""; "
NC_000018.10	BestRefSeq	gene	158557	214629	.	+	.	"gene_id ""USP14""; transcript_id """"; db_xref ""GeneID:9097""; db_xref ""HGNC:HGNC:12612""; db_xref ""MIM:607274""; description ""ubiquitin specific peptidase 14""; gbkey ""Gene""; gene ""USP14""; gene_biotype ""protein_coding""; gene_synonym ""TGT""; gene_synonym ""Ubp6""; "
NC_000018.10	BestRefSeq%2CGnomon	gene	214520	268047	.	-	.	"gene_id ""THOC1""; transcript_id """"; db_xref ""GeneID:9984""; db_xref ""HGNC:HGNC:19070""; db_xref ""MIM:606930""; description ""THO complex subunit 1""; gbkey ""Gene""; gene ""THOC1""; gene_biotype ""protein_coding""; gene_synonym ""DFNA86""; gene_synonym ""HPR1""; gene_synonym ""P84""; gene_synonym ""P84N5""; "
NC_000018.10	BestRefSeq%2CGnomon	gene	316737	500701	.	-	.	"gene_id ""COLEC12""; transcript_id """"; db_xref ""GeneID:81035""; db_xref ""HGNC:HGNC:16016""; db_xref ""MIM:607621""; description ""collectin subfamily member 12""; gbkey ""Gene""; gene ""COLEC12""; gene_biotype ""protein_coding""; gene_synonym ""CLP1""; gene_synonym ""NSR2""; gene_synonym ""SCARA4""; gene_synonym ""SRCL""; "
NC_000018.10	BestRefSeq	gene	580380	582114	.	+	.	"gene_id ""CETN1""; transcript_id """"; db_xref ""GeneID:1068""; db_xref ""HGNC:HGNC:1866""; db_xref ""MIM:603187""; description ""centrin 1""; gbkey ""Gene""; gene ""CETN1""; gene_biotype ""protein_coding""; gene_synonym ""CEN1""; gene_synonym ""CETN""; "
NC_000018.10	BestRefSeq%2CGnomon	gene	596988	650182	.	+	.	"gene_id ""CLUL1""; transcript_id """"; db_xref ""GeneID:27098""; db_xref ""HGNC:HGNC:2096""; db_xref ""MIM:616990""; description ""clusterin like 1""; gbkey ""Gene""; gene ""CLUL1""; gene_biotype ""protein_coding""; gene_synonym ""RA337M""; "
NC_000018.10	BestRefSeq%2CGnomon	gene	657653	673578	.	+	.	"gene_id ""TYMS""; transcript_id """"; db_xref ""GeneID:7298""; db_xref ""HGNC:HGNC:12441""; db_xref ""MIM:188350""; description ""thymidylate synthetase""; gbkey ""Gene""; gene ""TYMS""; gene_biotype ""protein_coding""; gene_synonym ""DKCD""; gene_synonym ""HST422""; gene_synonym ""TMS""; gene_synonym ""TS""; "
NC_000018.10	BestRefSeq%2CGnomon	gene	662986	712630	.	-	.	"gene_id ""ENOSF1""; transcript_id """"; db_xref ""GeneID:55556""; db_xref ""HGNC:HGNC:30365""; db_xref ""MIM:607427""; description ""enolase superfamily member 1""; gbkey ""Gene""; gene ""ENOSF1""; gene_biotype ""protein_coding""; gene_synonym ""FUCD""; gene_synonym ""RTS""; gene_synonym ""TYMSAS""; "
NC_000018.10	BestRefSeq%2CGnomon	gene	721588	812753	.	-	.	"gene_id ""YES1""; transcript_id """"; db_xref ""GeneID:7525""; db_xref ""HGNC:HGNC:12841""; db_xref ""MIM:164880""; description ""YES proto-oncogene 1, Src family tyrosine kinase""; gbkey ""Gene""; gene ""YES1""; gene_biotype ""protein_coding""; gene_synonym ""c-yes""; gene_synonym ""HsT441""; gene_synonym ""P61-YES""; gene_synonym ""Yes""; "
NC_000018.10	BestRefSeq%2CGnomon	gene	904411	912172	.	+	.	"gene_id ""ADCYAP1""; transcript_id """"; db_xref ""GeneID:116""; db_xref ""HGNC:HGNC:241""; db_xref ""MIM:102980""; description ""adenylate cyclase activating polypeptide 1""; gbkey ""Gene""; gene ""ADCYAP1""; gene_biotype ""protein_coding""; gene_synonym ""PACAP""; "
NC_000018.10	BestRefSeq%2CGnomon	gene	2537530	2571505	.	-	.	"gene_id ""METTL4""; transcript_id """"; db_xref ""GeneID:64863""; db_xref ""HGNC:HGNC:24726""; db_xref ""MIM:619626""; description ""methyltransferase 4, N6-adenosine""; gbkey ""Gene""; gene ""METTL4""; gene_biotype ""protein_coding""; gene_synonym ""HsT661""; "
NC_000018.10	BestRefSeq	gene	2571557	2616635	.	+	.	"gene_id ""NDC80""; transcript_id """"; db_xref ""GeneID:10403""; db_xref ""HGNC:HGNC:16909""; db_xref ""MIM:607272""; description ""NDC80 kinetochore complex component""; gbkey ""Gene""; gene ""NDC80""; gene_biotype ""protein_coding""; gene_synonym ""HEC""; gene_synonym ""HEC1""; gene_synonym ""HsHec1""; gene_synonym ""hsNDC80""; gene_synonym ""KNTC2""; gene_synonym ""TID3""; "
NC_000018.10	BestRefSeq%2CGnomon	gene	2655726	2805017	.	+	.	"gene_id ""SMCHD1""; transcript_id """"; db_xref ""GeneID:23347""; db_xref ""HGNC:HGNC:29090""; db_xref ""MIM:614982""; description ""structural maintenance of chromosomes flexible hinge domain containing 1""; gbkey ""Gene""; gene ""SMCHD1""; gene_biotype ""protein_coding""; gene_synonym ""BAMS""; gene_synonym ""FSHD2""; "
NC_000018.10	BestRefSeq%2CGnomon	gene	2846232	2916003	.	+	.	"gene_id ""EMILIN2""; transcript_id """"; db_xref ""GeneID:84034""; db_xref ""HGNC:HGNC:19881""; db_xref ""MIM:608928""; description ""elastin microfibril interfacer 2""; gbkey ""Gene""; gene ""EMILIN2""; gene_biotype ""protein_coding""; gene_synonym ""EMILIN-2""; gene_synonym ""FOAP-10""; "
NC_000018.10	BestRefSeq%2CGnomon	gene	2916994	3013144	.	-	.	"gene_id ""LPIN2""; transcript_id """"; db_xref ""GeneID:9663""; db_xref ""HGNC:HGNC:14450""; db_xref ""MIM:605519""; description ""lipin 2""; gbkey ""Gene""; gene ""LPIN2""; gene_biotype ""protein_coding""; gene_synonym ""CRMO1""; gene_synonym ""MJDS""; "
NC_000018.10	BestRefSeq%2CGnomon	gene	3066807	3247376	.	-	.	"gene_id ""MYOM1""; transcript_id """"; db_xref ""GeneID:8736""; db_xref ""HGNC:HGNC:7613""; db_xref ""MIM:603508""; description ""myomesin 1""; gbkey ""Gene""; gene ""MYOM1""; gene_biotype ""protein_coding""; gene_synonym ""SKELEMIN""; "
NC_000018.10	BestRefSeq%2CGnomon	gene	3247482	3256237	.	+	.	"gene_id ""MYL12A""; transcript_id """"; db_xref ""GeneID:10627""; db_xref ""HGNC:HGNC:16701""; description ""myosin light chain 12A""; gbkey ""Gene""; gene ""MYL12A""; gene_biotype ""protein_coding""; gene_synonym ""HEL-S-24""; gene_synonym ""MLC-2B""; gene_synonym ""MLCB""; gene_synonym ""MRCL3""; gene_synonym ""MRLC3""; gene_synonym ""MYL2B""; "
NC_000018.10	BestRefSeq	gene	3262133	3278461	.	+	.	"gene_id ""MYL12B""; transcript_id """"; db_xref ""GeneID:103910""; db_xref ""HGNC:HGNC:29827""; db_xref ""MIM:609211""; description ""myosin light chain 12B""; gbkey ""Gene""; gene ""MYL12B""; gene_biotype ""protein_coding""; gene_synonym ""MLC-B""; gene_synonym ""MRLC2""; "
NC_000018.10	BestRefSeq	gene	3412009	3459978	.	+	.	"gene_id ""TGIF1""; transcript_id """"; db_xref ""GeneID:7050""; db_xref ""HGNC:HGNC:11776""; db_xref ""MIM:602630""; description ""TGFB induced factor homeobox 1""; gbkey ""Gene""; gene ""TGIF1""; gene_biotype ""protein_coding""; gene_synonym ""HPE4""; gene_synonym ""TGIF""; "
NC_000018.10	BestRefSeq%2CGnomon	gene	3496032	4455307	.	-	.	"gene_id ""DLGAP1""; transcript_id """"; db_xref ""GeneID:9229""; db_xref ""HGNC:HGNC:2905""; db_xref ""MIM:605445""; description ""DLG associated protein 1""; gbkey ""Gene""; gene ""DLGAP1""; gene_biotype ""protein_coding""; gene_synonym ""DAP-1""; gene_synonym ""DAP-1-ALPHA""; gene_synonym ""DAP-1-BETA""; gene_synonym ""DAP1""; gene_synonym ""DLGAP1A""; gene_synonym ""DLGAP1B""; gene_synonym ""GKAP""; gene_synonym ""SAPAP1""; "
NC_000018.10	BestRefSeq	gene	5142911	5197691	.	-	.	"gene_id ""AKAIN1""; transcript_id """"; db_xref ""GeneID:642597""; db_xref ""HGNC:HGNC:28285""; db_xref ""MIM:616427""; description ""A-kinase anchor inhibitor 1""; gbkey ""Gene""; gene ""AKAIN1""; gene_biotype ""protein_coding""; gene_synonym ""C18orf42""; "
NC_000018.10	BestRefSeq%2CGnomon	gene	5289022	5297053	.	-	.	"gene_id ""ZBTB14""; transcript_id """"; db_xref ""GeneID:7541""; db_xref ""HGNC:HGNC:12860""; db_xref ""MIM:602126""; description ""zinc finger and BTB domain containing 14""; gbkey ""Gene""; gene ""ZBTB14""; gene_biotype ""protein_coding""; gene_synonym ""ZF5""; gene_synonym ""ZFP-161""; gene_synonym ""ZFP-5""; gene_synonym ""ZFP161""; gene_synonym ""ZNF478""; "
NC_000018.10	BestRefSeq%2CGnomon	gene	5392386	5630663	.	-	.	"gene_id ""EPB41L3""; transcript_id """"; db_xref ""GeneID:23136""; db_xref ""HGNC:HGNC:3380""; db_xref ""MIM:605331""; description ""erythrocyte membrane protein band 4.1 like 3""; gbkey ""Gene""; gene ""EPB41L3""; gene_biotype ""protein_coding""; gene_synonym ""4.1B""; gene_synonym ""DAL-1""; gene_synonym ""DAL1""; "
NC_000018.10	BestRefSeq	gene	5882072	5896174	.	-	.	"gene_id ""TMEM200C""; transcript_id """"; db_xref ""GeneID:645369""; db_xref ""HGNC:HGNC:37208""; description ""transmembrane protein 200C""; gbkey ""Gene""; gene ""TMEM200C""; gene_biotype ""protein_coding""; gene_synonym ""TTMA""; "
NC_000018.10	BestRefSeq%2CGnomon	gene	5954717	6415259	.	-	.	"gene_id ""L3MBTL4""; transcript_id """"; db_xref ""GeneID:91133""; db_xref ""HGNC:HGNC:26677""; db_xref ""MIM:617135""; description ""L3MBTL histone methyl-lysine binding protein 4""; gbkey ""Gene""; gene ""L3MBTL4""; gene_biotype ""protein_coding""; gene_synonym ""HsT1031""; "
NC_000018.10	BestRefSeq%2CGnomon	gene	6729716	6915716	.	+	.	"gene_id ""ARHGAP28""; transcript_id """"; db_xref ""GeneID:79822""; db_xref ""HGNC:HGNC:25509""; db_xref ""MIM:610592""; description ""Rho GTPase activating protein 28""; gbkey ""Gene""; gene ""ARHGAP28""; gene_biotype ""protein_coding""; "
NC_000018.10	BestRefSeq	gene	6941742	7117797	.	-	.	"gene_id ""LAMA1""; transcript_id """"; db_xref ""GeneID:284217""; db_xref ""HGNC:HGNC:6481""; db_xref ""MIM:150320""; description ""laminin subunit alpha 1""; gbkey ""Gene""; gene ""LAMA1""; gene_biotype ""protein_coding""; gene_synonym ""LAMA""; gene_synonym ""PTBHS""; gene_synonym ""S-LAM-alpha""; "
NC_000018.10	BestRefSeq	gene	7231089	7232044	.	+	.	"gene_id ""LRRC30""; transcript_id """"; db_xref ""GeneID:339291""; db_xref ""HGNC:HGNC:30219""; description ""leucine rich repeat containing 30""; gbkey ""Gene""; gene ""LRRC30""; gene_biotype ""protein_coding""; "
NC_000018.10	BestRefSeq%2CGnomon	gene	7567316	8406856	.	+	.	"gene_id ""PTPRM""; transcript_id """"; db_xref ""GeneID:5797""; db_xref ""HGNC:HGNC:9675""; db_xref ""MIM:176888""; description ""protein tyrosine phosphatase receptor type M""; gbkey ""Gene""; gene ""PTPRM""; gene_biotype ""protein_coding""; gene_synonym ""hR-PTPu""; gene_synonym ""PTPRL1""; gene_synonym ""R-PTP-MU""; gene_synonym ""RPTPM""; gene_synonym ""RPTPU""; "
NC_000018.10	BestRefSeq%2CGnomon	gene	8609437	8639383	.	+	.	"gene_id ""RAB12""; transcript_id """"; db_xref ""GeneID:201475""; db_xref ""HGNC:HGNC:31332""; db_xref ""MIM:616448""; description ""RAB12, member RAS oncogene family""; gbkey ""Gene""; gene ""RAB12""; gene_biotype ""protein_coding""; "
NC_000018.10	BestRefSeq%2CGnomon	gene	8705556	8832778	.	+	.	"gene_id ""MTCL1""; transcript_id """"; db_xref ""GeneID:23255""; db_xref ""HGNC:HGNC:29121""; db_xref ""MIM:615766""; description ""microtubule crosslinking factor 1""; gbkey ""Gene""; gene ""MTCL1""; gene_biotype ""protein_coding""; gene_synonym ""CCDC165""; gene_synonym ""KIAA0802""; gene_synonym ""SOGA2""; "
NC_000018.10	BestRefSeq%2CGnomon	gene	9102699	9134341	.	+	.	"gene_id ""NDUFV2""; transcript_id """"; db_xref ""GeneID:4729""; db_xref ""HGNC:HGNC:7717""; db_xref ""MIM:600532""; description ""NADH:ubiquinone oxidoreductase core subunit V2""; gbkey ""Gene""; gene ""NDUFV2""; gene_biotype ""protein_coding""; gene_synonym ""CI-24k""; gene_synonym ""MC1DN7""; "
NC_000018.10	BestRefSeq%2CGnomon	gene	9136781	9285985	.	+	.	"gene_id ""ANKRD12""; transcript_id """"; db_xref ""GeneID:23253""; db_xref ""HGNC:HGNC:29135""; db_xref ""MIM:610616""; description ""ankyrin repeat domain 12""; gbkey ""Gene""; gene ""ANKRD12""; gene_biotype ""protein_coding""; gene_synonym ""ANCO-2""; gene_synonym ""ANCO1""; gene_synonym ""GAC-1""; gene_synonym ""Nbla00144""; "
NC_000018.10	BestRefSeq%2CGnomon	gene	9334773	9402420	.	+	.	"gene_id ""TWSG1""; transcript_id """"; db_xref ""GeneID:57045""; db_xref ""HGNC:HGNC:12429""; db_xref ""MIM:605049""; description ""twisted gastrulation BMP signaling modulator 1""; gbkey ""Gene""; gene ""TWSG1""; gene_biotype ""protein_coding""; gene_synonym ""TSG""; "
NC_000018.10	BestRefSeq%2CGnomon	gene	9475009	9538114	.	+	.	"gene_id ""RALBP1""; transcript_id """"; db_xref ""GeneID:10928""; db_xref ""HGNC:HGNC:9841""; db_xref ""MIM:605801""; description ""ralA binding protein 1""; gbkey ""Gene""; gene ""RALBP1""; gene_biotype ""protein_coding""; gene_synonym ""RIP1""; gene_synonym ""RLIP1""; gene_synonym ""RLIP76""; "
NC_000018.10	BestRefSeq%2CGnomon	gene	9546794	9617199	.	-	.	"gene_id ""PPP4R1""; transcript_id """"; db_xref ""GeneID:9989""; db_xref ""HGNC:HGNC:9320""; db_xref ""MIM:604908""; description ""protein phosphatase 4 regulatory subunit 1""; gbkey ""Gene""; gene ""PPP4R1""; gene_biotype ""protein_coding""; gene_synonym ""MEG1""; gene_synonym ""PP4(Rmeg)""; gene_synonym ""PP4R1""; "
NC_000018.10	BestRefSeq	gene	9708301	9862551	.	+	.	"gene_id ""RAB31""; transcript_id """"; db_xref ""GeneID:11031""; db_xref ""HGNC:HGNC:9771""; db_xref ""MIM:605694""; description ""RAB31, member RAS oncogene family""; gbkey ""Gene""; gene ""RAB31""; gene_biotype ""protein_coding""; gene_synonym ""Rab22B""; "
NC_000018.10	BestRefSeq	gene	9885973	9889275	.	+	.	"gene_id ""TXNDC2""; transcript_id """"; db_xref ""GeneID:84203""; db_xref ""HGNC:HGNC:16470""; db_xref ""MIM:617790""; description ""thioredoxin domain containing 2""; gbkey ""Gene""; gene ""TXNDC2""; gene_biotype ""protein_coding""; gene_synonym ""SPTRX""; gene_synonym ""SPTRX1""; "
NC_000018.10	BestRefSeq%2CGnomon	gene	9914016	9960021	.	+	.	"gene_id ""VAPA""; transcript_id """"; db_xref ""GeneID:9218""; db_xref ""HGNC:HGNC:12648""; db_xref ""MIM:605703""; description ""VAMP associated protein A""; gbkey ""Gene""; gene ""VAPA""; gene_biotype ""protein_coding""; gene_synonym ""hVAP-33""; gene_synonym ""VAMP-A""; gene_synonym ""VAP-33""; gene_synonym ""VAP-A""; gene_synonym ""VAP33""; "
NC_000018.10	BestRefSeq	gene	10454635	10489949	.	+	.	"gene_id ""APCDD1""; transcript_id """"; db_xref ""GeneID:147495""; db_xref ""HGNC:HGNC:15718""; db_xref ""MIM:607479""; description ""APC down-regulated 1""; gbkey ""Gene""; gene ""APCDD1""; gene_biotype ""protein_coding""; gene_synonym ""B7323""; gene_synonym ""DRAPC1""; gene_synonym ""FP7019""; gene_synonym ""HHS""; gene_synonym ""HTS""; gene_synonym ""HYPT1""; "
NC_000018.10	BestRefSeq%2CGnomon	gene	10526027	10552764	.	+	.	"gene_id ""NAPG""; transcript_id """"; db_xref ""GeneID:8774""; db_xref ""HGNC:HGNC:7642""; db_xref ""MIM:603216""; description ""NSF attachment protein gamma""; gbkey ""Gene""; gene ""NAPG""; gene_biotype ""protein_coding""; gene_synonym ""GAMMASNAP""; "
NC_000018.10	Gnomon	gene	10604748	10606736	.	+	.	"gene_id ""LOC124904248""; transcript_id """"; db_xref ""GeneID:124904248""; description ""uncharacterized LOC124904248""; gbkey ""Gene""; gene ""LOC124904248""; gene_biotype ""protein_coding""; "
NC_000018.10	BestRefSeq%2CGnomon	gene	10670247	11149569	.	-	.	"gene_id ""PIEZO2""; transcript_id """"; db_xref ""GeneID:63895""; db_xref ""HGNC:HGNC:26270""; db_xref ""MIM:613629""; description ""piezo type mechanosensitive ion channel component 2""; gbkey ""Gene""; gene ""PIEZO2""; gene_biotype ""protein_coding""; gene_synonym ""C18orf30""; gene_synonym ""C18orf58""; gene_synonym ""DA3""; gene_synonym ""DA5""; gene_synonym ""DAIPT""; gene_synonym ""FAM38B""; gene_synonym ""FAM38B2""; gene_synonym ""HsT748""; gene_synonym ""HsT771""; gene_synonym ""MWKS""; "
NC_000018.10	BestRefSeq	gene	11609596	11610612	.	+	.	"gene_id ""SLC35G4""; transcript_id """"; db_xref ""GeneID:646000""; db_xref ""HGNC:HGNC:31043""; description ""solute carrier family 35 member G4""; gbkey ""Gene""; gene ""SLC35G4""; gene_biotype ""protein_coding""; gene_synonym ""AMAC1L1""; gene_synonym ""SLC35G4P""; "
NC_000018.10	BestRefSeq%2CGnomon	gene	11689264	11885685	.	+	.	"gene_id ""GNAL""; transcript_id """"; db_xref ""GeneID:2774""; db_xref ""HGNC:HGNC:4388""; db_xref ""MIM:139312""; description ""G protein subunit alpha L""; gbkey ""Gene""; gene ""GNAL""; gene_biotype ""protein_coding""; gene_synonym ""DYT25""; gene_synonym ""HG1O""; "
NC_000018.10	BestRefSeq	gene	11851413	11854444	.	+	.	"gene_id ""CHMP1B""; transcript_id """"; db_xref ""GeneID:57132""; db_xref ""HGNC:HGNC:24287""; db_xref ""MIM:606486""; description ""charged multivesicular body protein 1B""; gbkey ""Gene""; gene ""CHMP1B""; gene_biotype ""protein_coding""; gene_synonym ""C10orf2""; gene_synonym ""C18-ORF2""; gene_synonym ""C18orf2""; gene_synonym ""CHMP1.5""; gene_synonym ""hVps46-2""; gene_synonym ""Vps46-2""; gene_synonym ""Vps46B""; "
NC_000018.10	BestRefSeq%2CGnomon	gene	11882622	11908317	.	-	.	"gene_id ""MPPE1""; transcript_id """"; db_xref ""GeneID:65258""; db_xref ""HGNC:HGNC:15988""; db_xref ""MIM:611900""; description ""metallophosphoesterase 1""; gbkey ""Gene""; gene ""MPPE1""; gene_biotype ""protein_coding""; gene_synonym ""Cdc1""; gene_synonym ""PGAP5""; "
NC_000018.10	BestRefSeq%2CGnomon	gene	11981507	12030877	.	+	.	"gene_id ""IMPA2""; transcript_id """"; db_xref ""GeneID:3613""; db_xref ""HGNC:HGNC:6051""; db_xref ""MIM:605922""; description ""inositol monophosphatase 2""; gbkey ""Gene""; gene ""IMPA2""; gene_biotype ""protein_coding""; "
NC_000018.10	BestRefSeq%2CGnomon	gene	12093843	12181684	.	+	.	"gene_id ""ANKRD62""; transcript_id """"; db_xref ""GeneID:342850""; db_xref ""HGNC:HGNC:35241""; description ""ankyrin repeat domain 62""; gbkey ""Gene""; gene ""ANKRD62""; gene_biotype ""protein_coding""; gene_synonym ""DKFZp779B1634""; "
NC_000018.10	Gnomon	gene	12228864	12231162	.	-	.	"gene_id ""LOC124904253""; transcript_id """"; db_xref ""GeneID:124904253""; description ""uncharacterized LOC124904253""; gbkey ""Gene""; gene ""LOC124904253""; gene_biotype ""protein_coding""; "
NC_000018.10	BestRefSeq	gene	12254361	12277595	.	+	.	"gene_id ""CIDEA""; transcript_id """"; db_xref ""GeneID:1149""; db_xref ""HGNC:HGNC:1976""; db_xref ""MIM:604440""; description ""cell death inducing DFFA like effector a""; gbkey ""Gene""; gene ""CIDEA""; gene_biotype ""protein_coding""; gene_synonym ""CIDE-A""; "
NC_000018.10	BestRefSeq	gene	12307669	12329826	.	+	.	"gene_id ""TUBB6""; transcript_id """"; db_xref ""GeneID:84617""; db_xref ""HGNC:HGNC:20776""; db_xref ""MIM:615103""; description ""tubulin beta 6 class V""; gbkey ""Gene""; gene ""TUBB6""; gene_biotype ""protein_coding""; gene_synonym ""FPVEPD""; gene_synonym ""HsT1601""; gene_synonym ""TUBB-5""; "
NC_000018.10	BestRefSeq%2CGnomon	gene	12328944	12377227	.	-	.	"gene_id ""AFG3L2""; transcript_id """"; db_xref ""GeneID:10939""; db_xref ""HGNC:HGNC:315""; db_xref ""MIM:604581""; description ""AFG3 like matrix AAA peptidase subunit 2""; gbkey ""Gene""; gene ""AFG3L2""; gene_biotype ""protein_coding""; gene_synonym ""OPA12""; gene_synonym ""SCA28""; gene_synonym ""SPAX5""; "
NC_000018.10	BestRefSeq%2CGnomon	gene	12407929	12432238	.	+	.	"gene_id ""PRELID3A""; transcript_id """"; db_xref ""GeneID:10650""; db_xref ""HGNC:HGNC:24639""; db_xref ""MIM:616545""; description ""PRELI domain containing 3A""; gbkey ""Gene""; gene ""PRELID3A""; gene_biotype ""protein_coding""; gene_synonym ""C18orf43""; gene_synonym ""HFL-EDDG1""; gene_synonym ""SLMO1""; "
NC_000018.10	BestRefSeq%2CGnomon	gene	12446512	12662091	.	-	.	"gene_id ""SPIRE1""; transcript_id """"; db_xref ""GeneID:56907""; db_xref ""HGNC:HGNC:30622""; db_xref ""MIM:609216""; description ""spire type actin nucleation factor 1""; gbkey ""Gene""; gene ""SPIRE1""; gene_biotype ""protein_coding""; gene_synonym ""Spir-1""; "
NC_000018.10	BestRefSeq	gene	12658738	12725740	.	+	.	"gene_id ""PSMG2""; transcript_id """"; db_xref ""GeneID:56984""; db_xref ""HGNC:HGNC:24929""; db_xref ""MIM:609702""; description ""proteasome assembly chaperone 2""; gbkey ""Gene""; gene ""PSMG2""; gene_biotype ""protein_coding""; gene_synonym ""CLAST3""; gene_synonym ""HCCA3""; gene_synonym ""HsT1707""; gene_synonym ""MDS003""; gene_synonym ""PAC2""; gene_synonym ""PRAAS4""; gene_synonym ""TNFSF5IP1""; "
NC_000018.10	BestRefSeq%2CGnomon	gene	12661956	12702777	.	-	.	"gene_id ""CEP76""; transcript_id """"; db_xref ""GeneID:79959""; db_xref ""HGNC:HGNC:25727""; db_xref ""MIM:620791""; description ""centrosomal protein 76""; gbkey ""Gene""; gene ""CEP76""; gene_biotype ""protein_coding""; gene_synonym ""C18orf9""; gene_synonym ""HsT1705""; "
NC_000018.10	BestRefSeq%2CGnomon	gene	12785478	12884237	.	-	.	"gene_id ""PTPN2""; transcript_id """"; db_xref ""GeneID:5771""; db_xref ""HGNC:HGNC:9650""; db_xref ""MIM:176887""; description ""protein tyrosine phosphatase non-receptor type 2""; gbkey ""Gene""; gene ""PTPN2""; gene_biotype ""protein_coding""; gene_synonym ""PTN2""; gene_synonym ""PTPT""; gene_synonym ""TC-PTP""; gene_synonym ""TC45""; gene_synonym ""TC48""; gene_synonym ""TCELLPTP""; gene_synonym ""TCPTP""; "
NC_000018.10	BestRefSeq%2CGnomon	gene	12948011	12987536	.	+	.	"gene_id ""SEH1L""; transcript_id """"; db_xref ""GeneID:81929""; db_xref ""HGNC:HGNC:30379""; db_xref ""MIM:609263""; description ""SEH1 like nucleoporin""; gbkey ""Gene""; gene ""SEH1L""; gene_biotype ""protein_coding""; gene_synonym ""SEC13L""; gene_synonym ""Seh1""; gene_synonym ""SEH1A""; gene_synonym ""SEH1B""; "
NC_000018.10	BestRefSeq%2CGnomon	gene	12991362	13125036	.	+	.	"gene_id ""CEP192""; transcript_id """"; db_xref ""GeneID:55125""; db_xref ""HGNC:HGNC:25515""; db_xref ""MIM:616426""; description ""centrosomal protein 192""; gbkey ""Gene""; gene ""CEP192""; gene_biotype ""protein_coding""; gene_synonym ""PPP1R62""; "
NC_000018.10	BestRefSeq%2CGnomon	gene	13217682	13652754	.	+	.	"gene_id ""LDLRAD4""; transcript_id """"; db_xref ""GeneID:753""; db_xref ""HGNC:HGNC:1224""; db_xref ""MIM:606571""; description ""low density lipoprotein receptor class A domain containing 4""; gbkey ""Gene""; gene ""LDLRAD4""; gene_biotype ""protein_coding""; gene_synonym ""C18orf1""; "
NC_000018.10	BestRefSeq%2CGnomon	gene	13663347	13726558	.	-	.	"gene_id ""FAM210A""; transcript_id """"; db_xref ""GeneID:125228""; db_xref ""HGNC:HGNC:28346""; db_xref ""MIM:617975""; description ""family with sequence similarity 210 member A""; gbkey ""Gene""; gene ""FAM210A""; gene_biotype ""protein_coding""; gene_synonym ""C18orf19""; gene_synonym ""HsT2329""; "
NC_000018.10	BestRefSeq%2CGnomon	gene	13726673	13764556	.	+	.	"gene_id ""RNMT""; transcript_id """"; db_xref ""GeneID:8731""; db_xref ""HGNC:HGNC:10075""; db_xref ""MIM:603514""; description ""RNA guanine-7 methyltransferase""; gbkey ""Gene""; gene ""RNMT""; gene_biotype ""protein_coding""; gene_synonym ""cm1p""; gene_synonym ""CMT1""; gene_synonym ""CMT1c""; gene_synonym ""hCMT1""; gene_synonym ""hMet""; gene_synonym ""Met""; gene_synonym ""MET""; gene_synonym ""N7-MTase""; gene_synonym ""RG7MT1""; "
NC_000018.10	BestRefSeq	gene	13824149	13827323	.	+	.	"gene_id ""MC5R""; transcript_id """"; db_xref ""GeneID:4161""; db_xref ""HGNC:HGNC:6933""; db_xref ""MIM:600042""; description ""melanocortin 5 receptor""; gbkey ""Gene""; gene ""MC5R""; gene_biotype ""protein_coding""; gene_synonym ""MC2""; "
NC_000018.10	BestRefSeq%2CGnomon	gene	13882044	13915707	.	-	.	"gene_id ""MC2R""; transcript_id """"; db_xref ""GeneID:4158""; db_xref ""HGNC:HGNC:6930""; db_xref ""MIM:607397""; description ""melanocortin 2 receptor""; gbkey ""Gene""; gene ""MC2R""; gene_biotype ""protein_coding""; gene_synonym ""ACTHR""; "
NC_000018.10	BestRefSeq	gene	14071121	14132435	.	-	.	"gene_id ""ZNF519""; transcript_id """"; db_xref ""GeneID:162655""; db_xref ""HGNC:HGNC:30574""; description ""zinc finger protein 519""; gbkey ""Gene""; gene ""ZNF519""; gene_biotype ""protein_coding""; gene_synonym ""HsT2362""; "
NC_000018.10	BestRefSeq	gene	14507339	14543600	.	-	.	"gene_id ""POTEC""; transcript_id """"; db_xref ""GeneID:388468""; db_xref ""HGNC:HGNC:33894""; description ""POTE ankyrin domain family member C""; gbkey ""Gene""; gene ""POTEC""; gene_biotype ""protein_coding""; gene_synonym ""A26B2""; gene_synonym ""CT104.6""; gene_synonym ""POTE-18""; gene_synonym ""POTE18""; "
NC_000018.10	BestRefSeq%2CGnomon	gene	14748172	14941135	.	+	.	"gene_id ""ANKRD30B""; transcript_id """"; db_xref ""GeneID:374860""; db_xref ""HGNC:HGNC:24165""; db_xref ""MIM:616565""; description ""ankyrin repeat domain 30B""; gbkey ""Gene""; gene ""ANKRD30B""; gene_biotype ""protein_coding""; gene_synonym ""NY-BR-1.1""; "
NC_000018.10	BestRefSeq	gene	20946906	21111813	.	-	.	"gene_id ""ROCK1""; transcript_id """"; db_xref ""GeneID:6093""; db_xref ""HGNC:HGNC:10251""; db_xref ""MIM:601702""; description ""Rho associated coiled-coil containing protein kinase 1""; gbkey ""Gene""; gene ""ROCK1""; gene_biotype ""protein_coding""; gene_synonym ""P160ROCK""; gene_synonym ""ROCK-I""; "
NC_000018.10	BestRefSeq%2CGnomon	gene	21242232	21526112	.	+	.	"gene_id ""GREB1L""; transcript_id """"; db_xref ""GeneID:80000""; db_xref ""HGNC:HGNC:31042""; db_xref ""MIM:617782""; description ""GREB1 like retinoic acid receptor coactivator""; gbkey ""Gene""; gene ""GREB1L""; gene_biotype ""protein_coding""; gene_synonym ""C18orf6""; gene_synonym ""DFNA80""; gene_synonym ""KIAA1772""; gene_synonym ""RHDA3""; "
NC_000018.10	BestRefSeq%2CGnomon	gene	21529284	21600704	.	-	.	"gene_id ""ESCO1""; transcript_id """"; db_xref ""GeneID:114799""; db_xref ""HGNC:HGNC:24645""; db_xref ""MIM:609674""; description ""establishment of sister chromatid cohesion N-acetyltransferase 1""; gbkey ""Gene""; gene ""ESCO1""; gene_biotype ""protein_coding""; gene_synonym ""A930014I12Rik""; gene_synonym ""CTF""; gene_synonym ""ECO1""; gene_synonym ""EFO1""; gene_synonym ""ESO1""; "
NC_000018.10	BestRefSeq	gene	21612314	21633520	.	+	.	"gene_id ""SNRPD1""; transcript_id """"; db_xref ""GeneID:6632""; db_xref ""HGNC:HGNC:11158""; db_xref ""MIM:601063""; description ""small nuclear ribonucleoprotein D1 polypeptide""; gbkey ""Gene""; gene ""SNRPD1""; gene_biotype ""protein_coding""; gene_synonym ""HsT2456""; gene_synonym ""Sm-D1""; gene_synonym ""SMD1""; gene_synonym ""SNRPD""; "
NC_000018.10	BestRefSeq%2CGnomon	gene	21650901	21704774	.	-	.	"gene_id ""ABHD3""; transcript_id """"; db_xref ""GeneID:171586""; db_xref ""HGNC:HGNC:18718""; db_xref ""MIM:612197""; description ""abhydrolase domain containing 3, phospholipase""; gbkey ""Gene""; gene ""ABHD3""; gene_biotype ""protein_coding""; gene_synonym ""LABH3""; "
NC_000018.10	BestRefSeq%2CGnomon	gene	21704916	21870953	.	+	.	"gene_id ""MIB1""; transcript_id """"; db_xref ""GeneID:57534""; db_xref ""HGNC:HGNC:21086""; db_xref ""MIM:608677""; description ""MIB E3 ubiquitin protein ligase 1""; gbkey ""Gene""; gene ""MIB1""; gene_biotype ""protein_coding""; gene_synonym ""DIP-1""; gene_synonym ""DIP1""; gene_synonym ""LVNC7""; gene_synonym ""MIB""; gene_synonym ""ZZANK2""; gene_synonym ""ZZZ6""; "
NC_000018.10	BestRefSeq%2CGnomon	gene	22169589	22202528	.	+	.	"gene_id ""GATA6""; transcript_id """"; db_xref ""GeneID:2627""; db_xref ""HGNC:HGNC:4174""; db_xref ""MIM:601656""; description ""GATA binding protein 6""; gbkey ""Gene""; gene ""GATA6""; gene_biotype ""protein_coding""; "
NC_000018.10	BestRefSeq	gene	22413599	22417915	.	-	.	"gene_id ""CTAGE1""; transcript_id """"; db_xref ""GeneID:64693""; db_xref ""HGNC:HGNC:24346""; db_xref ""MIM:608856""; description ""cutaneous T cell lymphoma-associated antigen 1""; gbkey ""Gene""; gene ""CTAGE1""; gene_biotype ""protein_coding""; gene_synonym ""CT21.1""; gene_synonym ""CT21.2""; gene_synonym ""CTAGE""; gene_synonym ""CTAGE-1""; gene_synonym ""CTAGE-2""; "
NC_000018.10	BestRefSeq%2CGnomon	gene	22914139	23026486	.	+	.	"gene_id ""RBBP8""; transcript_id """"; db_xref ""GeneID:5932""; db_xref ""HGNC:HGNC:9891""; db_xref ""MIM:604124""; description ""RB binding protein 8, endonuclease""; gbkey ""Gene""; gene ""RBBP8""; gene_biotype ""protein_coding""; gene_synonym ""COM1""; gene_synonym ""CTIP""; gene_synonym ""JAWAD""; gene_synonym ""JWDS""; gene_synonym ""RIM""; gene_synonym ""SAE2""; gene_synonym ""SCKL2""; "
NC_000018.10	BestRefSeq	gene	23134564	23260470	.	+	.	"gene_id ""CABLES1""; transcript_id """"; db_xref ""GeneID:91768""; db_xref ""HGNC:HGNC:25097""; db_xref ""MIM:609194""; description ""Cdk5 and Abl enzyme substrate 1""; gbkey ""Gene""; gene ""CABLES1""; gene_biotype ""protein_coding""; gene_synonym ""CABL1""; gene_synonym ""CABLES""; gene_synonym ""HsT2563""; gene_synonym ""IK3-1""; "
NC_000018.10	BestRefSeq%2CGnomon	gene	23238522	23437961	.	-	.	"gene_id ""TMEM241""; transcript_id """"; db_xref ""GeneID:85019""; db_xref ""HGNC:HGNC:31723""; db_xref ""MIM:615430""; description ""transmembrane protein 241""; gbkey ""Gene""; gene ""TMEM241""; gene_biotype ""protein_coding""; gene_synonym ""C18orf45""; gene_synonym ""hVVT""; gene_synonym ""SLC35D4""; "
NC_000018.10	BestRefSeq%2CGnomon	gene	23453287	23483140	.	+	.	"gene_id ""RIOK3""; transcript_id """"; db_xref ""GeneID:8780""; db_xref ""HGNC:HGNC:11451""; db_xref ""MIM:603579""; description ""RIO kinase 3""; gbkey ""Gene""; gene ""RIOK3""; gene_biotype ""protein_coding""; gene_synonym ""SUDD""; "
NC_000018.10	BestRefSeq%2CGnomon	gene	23503470	23531822	.	+	.	"gene_id ""RMC1""; transcript_id """"; db_xref ""GeneID:29919""; db_xref ""HGNC:HGNC:24326""; db_xref ""MIM:620267""; description ""regulator of MON1-CCZ1""; gbkey ""Gene""; gene ""RMC1""; gene_biotype ""protein_coding""; gene_synonym ""C18orf8""; gene_synonym ""HsT2591""; gene_synonym ""Mic-1""; gene_synonym ""MIC1""; gene_synonym ""WDR98""; "
NC_000018.10	BestRefSeq%2CGnomon	gene	23506184	23586506	.	-	.	"gene_id ""NPC1""; transcript_id """"; db_xref ""GeneID:4864""; db_xref ""HGNC:HGNC:7897""; db_xref ""MIM:607623""; description ""NPC intracellular cholesterol transporter 1""; gbkey ""Gene""; gene ""NPC1""; gene_biotype ""protein_coding""; gene_synonym ""NPC""; gene_synonym ""POGZ""; gene_synonym ""SLC65A1""; "
NC_000018.10	BestRefSeq%2CGnomon	gene	23598926	23662911	.	-	.	"gene_id ""ANKRD29""; transcript_id """"; db_xref ""GeneID:147463""; db_xref ""HGNC:HGNC:27110""; description ""ankyrin repeat domain 29""; gbkey ""Gene""; gene ""ANKRD29""; gene_biotype ""protein_coding""; "
NC_000018.10	BestRefSeq%2CGnomon	gene	23689453	23955066	.	+	.	"gene_id ""LAMA3""; transcript_id """"; db_xref ""GeneID:3909""; db_xref ""HGNC:HGNC:6483""; db_xref ""MIM:600805""; description ""laminin subunit alpha 3""; gbkey ""Gene""; gene ""LAMA3""; gene_biotype ""protein_coding""; gene_synonym ""BM600""; gene_synonym ""E170""; gene_synonym ""JEB2A""; gene_synonym ""JEB2B""; gene_synonym ""JEB2C""; gene_synonym ""LAMNA""; gene_synonym ""LOCS""; "
NC_000018.10	BestRefSeq%2CGnomon	gene	23992887	24135600	.	+	.	"gene_id ""TTC39C""; transcript_id """"; db_xref ""GeneID:125488""; db_xref ""HGNC:HGNC:26595""; description ""tetratricopeptide repeat domain 39C""; gbkey ""Gene""; gene ""TTC39C""; gene_biotype ""protein_coding""; gene_synonym ""C18orf17""; gene_synonym ""HsT2697""; "
NC_000018.10	BestRefSeq%2CGnomon	gene	24139062	24161600	.	+	.	"gene_id ""CABYR""; transcript_id """"; db_xref ""GeneID:26256""; db_xref ""HGNC:HGNC:15569""; db_xref ""MIM:612135""; description ""calcium binding tyrosine phosphorylation regulated""; gbkey ""Gene""; gene ""CABYR""; gene_biotype ""protein_coding""; gene_synonym ""CABYRa""; gene_synonym ""CABYRc""; gene_synonym ""CABYRc/d""; gene_synonym ""CABYRe""; gene_synonym ""CBP86""; gene_synonym ""CT88""; gene_synonym ""FSP-2""; gene_synonym ""FSP2""; "
NC_000018.10	BestRefSeq%2CGnomon	gene	24162045	24397824	.	-	.	"gene_id ""OSBPL1A""; transcript_id """"; db_xref ""GeneID:114876""; db_xref ""HGNC:HGNC:16398""; db_xref ""MIM:606730""; description ""oxysterol binding protein like 1A""; gbkey ""Gene""; gene ""OSBPL1A""; gene_biotype ""protein_coding""; gene_synonym ""ORP-1""; gene_synonym ""ORP1""; gene_synonym ""OSBPL1B""; "
NC_000018.10	BestRefSeq	gene	24426670	24453531	.	+	.	"gene_id ""IMPACT""; transcript_id """"; db_xref ""GeneID:55364""; db_xref ""HGNC:HGNC:20387""; db_xref ""MIM:615319""; description ""impact RWD domain protein""; gbkey ""Gene""; gene ""IMPACT""; gene_biotype ""protein_coding""; gene_synonym ""RWDD5""; "
NC_000018.10	BestRefSeq	gene	24460637	24479974	.	+	.	"gene_id ""HRH4""; transcript_id """"; db_xref ""GeneID:59340""; db_xref ""HGNC:HGNC:17383""; db_xref ""MIM:606792""; description ""histamine receptor H4""; gbkey ""Gene""; gene ""HRH4""; gene_biotype ""protein_coding""; gene_synonym ""AXOR35""; gene_synonym ""BG26""; gene_synonym ""GPCR105""; gene_synonym ""GPRv53""; gene_synonym ""H4""; gene_synonym ""H4R""; gene_synonym ""HH4R""; "
NC_000018.10	BestRefSeq%2CGnomon	gene	25061924	25352166	.	-	.	"gene_id ""ZNF521""; transcript_id """"; db_xref ""GeneID:25925""; db_xref ""HGNC:HGNC:24605""; db_xref ""MIM:610974""; description ""zinc finger protein 521""; gbkey ""Gene""; gene ""ZNF521""; gene_biotype ""protein_coding""; gene_synonym ""EHZF""; gene_synonym ""Evi3""; "
NC_000018.10	BestRefSeq%2CGnomon	gene	26016253	26091219	.	-	.	"gene_id ""SS18""; transcript_id """"; db_xref ""GeneID:6760""; db_xref ""HGNC:HGNC:11340""; db_xref ""MIM:600192""; description ""SS18 subunit of BAF chromatin remodeling complex""; gbkey ""Gene""; gene ""SS18""; gene_biotype ""protein_coding""; gene_synonym ""SMARCL1""; gene_synonym ""SSXT""; gene_synonym ""SYT""; "
NC_000018.10	BestRefSeq%2CGnomon	gene	26133869	26193355	.	+	.	"gene_id ""PSMA8""; transcript_id """"; db_xref ""GeneID:143471""; db_xref ""HGNC:HGNC:22985""; db_xref ""MIM:617841""; description ""proteasome 20S subunit alpha 8""; gbkey ""Gene""; gene ""PSMA8""; gene_biotype ""protein_coding""; gene_synonym ""PSMA7L""; "
NC_000018.10	BestRefSeq%2CGnomon	gene	26226445	26391685	.	+	.	"gene_id ""TAF4B""; transcript_id """"; db_xref ""GeneID:6875""; db_xref ""HGNC:HGNC:11538""; db_xref ""MIM:601689""; description ""TATA-box binding protein associated factor 4b""; gbkey ""Gene""; gene ""TAF4B""; gene_biotype ""protein_coding""; gene_synonym ""SPGF13""; gene_synonym ""TAF2C2""; gene_synonym ""TAFII105""; "
NC_000018.10	BestRefSeq	gene	26454910	26657473	.	-	.	"gene_id ""KCTD1""; transcript_id """"; db_xref ""GeneID:284252""; db_xref ""HGNC:HGNC:18249""; db_xref ""MIM:613420""; description ""potassium channel tetramerization domain containing 1""; gbkey ""Gene""; gene ""KCTD1""; gene_biotype ""protein_coding""; gene_synonym ""C18orf5""; "
NC_000018.10	BestRefSeq%2CGnomon	gene	26852038	26865803	.	-	.	"gene_id ""AQP4""; transcript_id """"; db_xref ""GeneID:361""; db_xref ""HGNC:HGNC:637""; db_xref ""MIM:600308""; description ""aquaporin 4""; gbkey ""Gene""; gene ""AQP4""; gene_biotype ""protein_coding""; gene_synonym ""hAQP4""; gene_synonym ""MIWC""; gene_synonym ""MLC4""; gene_synonym ""WCH4""; "
NC_000018.10	BestRefSeq%2CGnomon	gene	26906481	27185308	.	-	.	"gene_id ""CHST9""; transcript_id """"; db_xref ""GeneID:83539""; db_xref ""HGNC:HGNC:19898""; db_xref ""MIM:610191""; description ""carbohydrate sulfotransferase 9""; gbkey ""Gene""; gene ""CHST9""; gene_biotype ""protein_coding""; gene_synonym ""GALNAC4ST-2""; gene_synonym ""GalNAc4ST2""; "
NC_000018.10	BestRefSeq%2CGnomon	gene	27932879	28177130	.	-	.	"gene_id ""CDH2""; transcript_id """"; db_xref ""GeneID:1000""; db_xref ""HGNC:HGNC:1759""; db_xref ""MIM:114020""; description ""cadherin 2""; gbkey ""Gene""; gene ""CDH2""; gene_biotype ""protein_coding""; gene_synonym ""ACOGS""; gene_synonym ""ADHD8""; gene_synonym ""ARVD14""; gene_synonym ""CD325""; gene_synonym ""CDHN""; gene_synonym ""CDw325""; gene_synonym ""NCAD""; "
NC_000018.10	BestRefSeq	gene	30989365	31042742	.	-	.	"gene_id ""DSC3""; transcript_id """"; db_xref ""GeneID:1825""; db_xref ""HGNC:HGNC:3037""; db_xref ""MIM:600271""; description ""desmocollin 3""; gbkey ""Gene""; gene ""DSC3""; gene_biotype ""protein_coding""; gene_synonym ""CDHF3""; gene_synonym ""DSC""; gene_synonym ""DSC1""; gene_synonym ""DSC2""; gene_synonym ""DSC4""; gene_synonym ""HT-CP""; "
NC_000018.10	BestRefSeq	gene	31058840	31102421	.	-	.	"gene_id ""DSC2""; transcript_id """"; db_xref ""GeneID:1824""; db_xref ""HGNC:HGNC:3036""; db_xref ""MIM:125645""; description ""desmocollin 2""; gbkey ""Gene""; gene ""DSC2""; gene_biotype ""protein_coding""; gene_synonym ""ARVD11""; gene_synonym ""CDHF2""; gene_synonym ""DG2""; gene_synonym ""DGII/III""; gene_synonym ""DSC3""; "
NC_000018.10	BestRefSeq	gene	31129236	31162856	.	-	.	"gene_id ""DSC1""; transcript_id """"; db_xref ""GeneID:1823""; db_xref ""HGNC:HGNC:3035""; db_xref ""MIM:125643""; description ""desmocollin 1""; gbkey ""Gene""; gene ""DSC1""; gene_biotype ""protein_coding""; gene_synonym ""CDHF1""; gene_synonym ""DG2/DG3""; "
NC_000018.10	BestRefSeq	gene	31318160	31359246	.	+	.	"gene_id ""DSG1""; transcript_id """"; db_xref ""GeneID:1828""; db_xref ""HGNC:HGNC:3048""; db_xref ""MIM:125670""; description ""desmoglein 1""; gbkey ""Gene""; gene ""DSG1""; gene_biotype ""protein_coding""; gene_synonym ""CDHF4""; gene_synonym ""DG1""; gene_synonym ""DSG""; gene_synonym ""EPKHE""; gene_synonym ""EPKHIA""; gene_synonym ""PPKS1""; gene_synonym ""SPPK1""; "
NC_000018.10	BestRefSeq	gene	31376777	31414909	.	+	.	"gene_id ""DSG4""; transcript_id """"; db_xref ""GeneID:147409""; db_xref ""HGNC:HGNC:21307""; db_xref ""MIM:607892""; description ""desmoglein 4""; gbkey ""Gene""; gene ""DSG4""; gene_biotype ""protein_coding""; gene_synonym ""CDGF13""; gene_synonym ""CDHF13""; gene_synonym ""HYPT6""; gene_synonym ""LAH""; "
NC_000018.10	BestRefSeq%2CGnomon	gene	31447741	31478702	.	+	.	"gene_id ""DSG3""; transcript_id """"; db_xref ""GeneID:1830""; db_xref ""HGNC:HGNC:3050""; db_xref ""MIM:169615""; description ""desmoglein 3""; gbkey ""Gene""; gene ""DSG3""; gene_biotype ""protein_coding""; gene_synonym ""ABOLM""; gene_synonym ""CDHF6""; gene_synonym ""PVA""; "
NC_000018.10	BestRefSeq%2CGnomon	gene	31498177	31549008	.	+	.	"gene_id ""DSG2""; transcript_id """"; db_xref ""GeneID:1829""; db_xref ""HGNC:HGNC:3049""; db_xref ""MIM:125671""; description ""desmoglein 2""; gbkey ""Gene""; gene ""DSG2""; gene_biotype ""protein_coding""; gene_synonym ""CDHF5""; gene_synonym ""HDGC""; "
NC_000018.10	BestRefSeq	gene	31591877	31598821	.	+	.	"gene_id ""TTR""; transcript_id """"; db_xref ""GeneID:7276""; db_xref ""HGNC:HGNC:12405""; db_xref ""MIM:176300""; description ""transthyretin""; gbkey ""Gene""; gene ""TTR""; gene_biotype ""protein_coding""; gene_synonym ""ATTR""; gene_synonym ""CTS""; gene_synonym ""CTS1""; gene_synonym ""HEL111""; gene_synonym ""HsT2651""; gene_synonym ""PALB""; gene_synonym ""TBPA""; gene_synonym ""TTN""; "
NC_000018.10	BestRefSeq%2CGnomon	gene	31622246	31724641	.	-	.	"gene_id ""B4GALT6""; transcript_id """"; db_xref ""GeneID:9331""; db_xref ""HGNC:HGNC:929""; db_xref ""MIM:604017""; description ""beta-1,4-galactosyltransferase 6""; gbkey ""Gene""; gene ""B4GALT6""; gene_biotype ""protein_coding""; gene_synonym ""B4Gal-T6""; gene_synonym ""beta4Gal-T6""; "
NC_000018.10	BestRefSeq	gene	31759584	31760880	.	-	.	"gene_id ""SLC25A52""; transcript_id """"; db_xref ""GeneID:147407""; db_xref ""HGNC:HGNC:23324""; db_xref ""MIM:616153""; description ""solute carrier family 25 member 52""; gbkey ""Gene""; gene ""SLC25A52""; gene_biotype ""protein_coding""; gene_synonym ""MCART2""; "
NC_000018.10	BestRefSeq%2CGnomon	gene	31829197	31943128	.	-	.	"gene_id ""TRAPPC8""; transcript_id """"; db_xref ""GeneID:22878""; db_xref ""HGNC:HGNC:29169""; db_xref ""MIM:614136""; description ""trafficking protein particle complex subunit 8""; gbkey ""Gene""; gene ""TRAPPC8""; gene_biotype ""protein_coding""; gene_synonym ""GSG1""; gene_synonym ""HsT2706""; gene_synonym ""KIAA1012""; gene_synonym ""TRS85""; "
NC_000018.10	BestRefSeq%2CGnomon	gene	32018825	32088144	.	+	.	"gene_id ""RNF125""; transcript_id """"; db_xref ""GeneID:54941""; db_xref ""HGNC:HGNC:21150""; db_xref ""MIM:610432""; description ""ring finger protein 125""; gbkey ""Gene""; gene ""RNF125""; gene_biotype ""protein_coding""; gene_synonym ""TNORS""; gene_synonym ""TRAC-1""; gene_synonym ""TRAC1""; "
NC_000018.10	BestRefSeq%2CGnomon	gene	32091874	32131561	.	+	.	"gene_id ""RNF138""; transcript_id """"; db_xref ""GeneID:51444""; db_xref ""HGNC:HGNC:17765""; db_xref ""MIM:616319""; description ""ring finger protein 138""; gbkey ""Gene""; gene ""RNF138""; gene_biotype ""protein_coding""; gene_synonym ""hNARF""; gene_synonym ""HSD-4""; gene_synonym ""NARF""; gene_synonym ""STRIN""; "
NC_000018.10	BestRefSeq%2CGnomon	gene	32190039	32220404	.	+	.	"gene_id ""MEP1B""; transcript_id """"; db_xref ""GeneID:4225""; db_xref ""HGNC:HGNC:7020""; db_xref ""MIM:600389""; description ""meprin A subunit beta""; gbkey ""Gene""; gene ""MEP1B""; gene_biotype ""protein_coding""; "
NC_000018.10	BestRefSeq%2CGnomon	gene	32263522	32470882	.	-	.	"gene_id ""GAREM1""; transcript_id """"; db_xref ""GeneID:64762""; db_xref ""HGNC:HGNC:26136""; db_xref ""MIM:617998""; description ""GRB2 associated regulator of MAPK1 subtype 1""; gbkey ""Gene""; gene ""GAREM1""; gene_biotype ""protein_coding""; gene_synonym ""C18orf11""; gene_synonym ""FAM59A""; gene_synonym ""GAREM""; gene_synonym ""Gm944""; "
NC_000018.10	BestRefSeq%2CGnomon	gene	32672673	32773023	.	-	.	"gene_id ""KLHL14""; transcript_id """"; db_xref ""GeneID:57565""; db_xref ""HGNC:HGNC:29266""; db_xref ""MIM:613772""; description ""kelch like family member 14""; gbkey ""Gene""; gene ""KLHL14""; gene_biotype ""protein_coding""; "
NC_000018.10	BestRefSeq%2CGnomon	gene	32937406	33441040	.	-	.	"gene_id ""CCDC178""; transcript_id """"; db_xref ""GeneID:374864""; db_xref ""HGNC:HGNC:29588""; description ""coiled-coil domain containing 178""; gbkey ""Gene""; gene ""CCDC178""; gene_biotype ""protein_coding""; gene_synonym ""C18orf34""; "
NC_000018.10	BestRefSeq%2CGnomon	gene	33578219	33751195	.	+	.	"gene_id ""ASXL3""; transcript_id """"; db_xref ""GeneID:80816""; db_xref ""HGNC:HGNC:29357""; db_xref ""MIM:615115""; description ""ASXL transcriptional regulator 3""; gbkey ""Gene""; gene ""ASXL3""; gene_biotype ""protein_coding""; gene_synonym ""BRPS""; gene_synonym ""KIAA1713""; "
NC_000018.10	BestRefSeq%2CGnomon	gene	33851100	34224913	.	-	.	"gene_id ""NOL4""; transcript_id """"; db_xref ""GeneID:8715""; db_xref ""HGNC:HGNC:7870""; db_xref ""MIM:603577""; description ""nucleolar protein 4""; gbkey ""Gene""; gene ""NOL4""; gene_biotype ""protein_coding""; gene_synonym ""CT125""; gene_synonym ""HRIHFB2255""; gene_synonym ""NOLP""; "
NC_000018.10	BestRefSeq%2CGnomon	gene	34493312	34891844	.	+	.	"gene_id ""DTNA""; transcript_id """"; db_xref ""GeneID:1837""; db_xref ""HGNC:HGNC:3057""; db_xref ""MIM:601239""; description ""dystrobrevin alpha""; gbkey ""Gene""; gene ""DTNA""; gene_biotype ""protein_coding""; gene_synonym ""D18S892E""; gene_synonym ""DRP3""; gene_synonym ""DTN""; gene_synonym ""DTN-A""; gene_synonym ""LVNC1""; "
NC_000018.10	BestRefSeq	gene	34977027	35143470	.	+	.	"gene_id ""MAPRE2""; transcript_id """"; db_xref ""GeneID:10982""; db_xref ""HGNC:HGNC:6891""; db_xref ""MIM:605789""; description ""microtubule associated protein RP/EB family member 2""; gbkey ""Gene""; gene ""MAPRE2""; gene_biotype ""protein_coding""; gene_synonym ""CSCSC2""; gene_synonym ""EB1""; gene_synonym ""EB2""; gene_synonym ""RP1""; "
NC_000018.10	BestRefSeq%2CGnomon	gene	35241034	35259227	.	+	.	"gene_id ""ZNF397""; transcript_id """"; db_xref ""GeneID:84307""; db_xref ""HGNC:HGNC:18818""; db_xref ""MIM:609601""; description ""zinc finger protein 397""; gbkey ""Gene""; gene ""ZNF397""; gene_biotype ""protein_coding""; gene_synonym ""ZNF47""; gene_synonym ""ZSCAN15""; "
NC_000018.10	BestRefSeq%2CGnomon	gene	35251062	35290229	.	-	.	"gene_id ""ZSCAN30""; transcript_id """"; db_xref ""GeneID:100101467""; db_xref ""HGNC:HGNC:33517""; description ""zinc finger and SCAN domain containing 30""; gbkey ""Gene""; gene ""ZSCAN30""; gene_biotype ""protein_coding""; gene_synonym ""ZNF-WYM""; gene_synonym ""ZNF397OS""; gene_synonym ""ZNF917""; "
NC_000018.10	BestRefSeq	gene	35332227	35344420	.	-	.	"gene_id ""ZNF24""; transcript_id """"; db_xref ""GeneID:7572""; db_xref ""HGNC:HGNC:13032""; db_xref ""MIM:194534""; description ""zinc finger protein 24""; gbkey ""Gene""; gene ""ZNF24""; gene_biotype ""protein_coding""; gene_synonym ""KOX17""; gene_synonym ""RSG-A""; gene_synonym ""Zfp191""; gene_synonym ""ZNF191""; gene_synonym ""ZSCAN3""; "
NC_000018.10	BestRefSeq%2CGnomon	gene	35366694	35377337	.	-	.	"gene_id ""ZNF396""; transcript_id """"; db_xref ""GeneID:252884""; db_xref ""HGNC:HGNC:18824""; db_xref ""MIM:609600""; description ""zinc finger protein 396""; gbkey ""Gene""; gene ""ZNF396""; gene_biotype ""protein_coding""; gene_synonym ""ZSCAN14""; "
NC_000018.10	BestRefSeq%2CGnomon	gene	35468333	35497960	.	-	.	"gene_id ""INO80C""; transcript_id """"; db_xref ""GeneID:125476""; db_xref ""HGNC:HGNC:26994""; description ""INO80 complex subunit C""; gbkey ""Gene""; gene ""INO80C""; gene_biotype ""protein_coding""; gene_synonym ""C18orf37""; gene_synonym ""hIes6""; gene_synonym ""IES6""; "
NC_000018.10	BestRefSeq%2CGnomon	gene	35580922	35711834	.	+	.	"gene_id ""GALNT1""; transcript_id """"; db_xref ""GeneID:2589""; db_xref ""HGNC:HGNC:4123""; db_xref ""MIM:602273""; description ""polypeptide N-acetylgalactosaminyltransferase 1""; gbkey ""Gene""; gene ""GALNT1""; gene_biotype ""protein_coding""; gene_synonym ""GALNAC-T1""; "
NC_000018.10	BestRefSeq%2CGnomon	gene	35972679	35979278	.	+	.	"gene_id ""C18orf21""; transcript_id """"; db_xref ""GeneID:83608""; db_xref ""HGNC:HGNC:28802""; description ""chromosome 18 open reading frame 21""; gbkey ""Gene""; gene ""C18orf21""; gene_biotype ""protein_coding""; gene_synonym ""HsT3108""; gene_synonym ""PNAS-124""; gene_synonym ""PNAS-131""; gene_synonym ""XTP13""; "
NC_000018.10	BestRefSeq	gene	35989824	36067559	.	-	.	"gene_id ""RPRD1A""; transcript_id """"; db_xref ""GeneID:55197""; db_xref ""HGNC:HGNC:25560""; db_xref ""MIM:610347""; description ""regulation of nuclear pre-mRNA domain containing 1A""; gbkey ""Gene""; gene ""RPRD1A""; gene_biotype ""protein_coding""; gene_synonym ""HsT3101""; gene_synonym ""P15RS""; "
NC_000018.10	BestRefSeq	gene	36108531	36129340	.	-	.	"gene_id ""SLC39A6""; transcript_id """"; db_xref ""GeneID:25800""; db_xref ""HGNC:HGNC:18607""; db_xref ""MIM:608731""; description ""solute carrier family 39 member 6""; gbkey ""Gene""; gene ""SLC39A6""; gene_biotype ""protein_coding""; gene_synonym ""LIV-1""; gene_synonym ""LIV1""; gene_synonym ""ZIP6""; "
NC_000018.10	BestRefSeq%2CGnomon	gene	36129899	36180557	.	+	.	"gene_id ""ELP2""; transcript_id """"; db_xref ""GeneID:55250""; db_xref ""HGNC:HGNC:18248""; db_xref ""MIM:616054""; description ""elongator acetyltransferase complex subunit 2""; gbkey ""Gene""; gene ""ELP2""; gene_biotype ""protein_coding""; gene_synonym ""MRT58""; gene_synonym ""SHINC-2""; gene_synonym ""STATIP1""; gene_synonym ""StIP""; "
NC_000018.10	BestRefSeq	gene	36187497	36272157	.	+	.	"gene_id ""MOCOS""; transcript_id """"; db_xref ""GeneID:55034""; db_xref ""HGNC:HGNC:18234""; db_xref ""MIM:613274""; description ""molybdenum cofactor sulfurase""; gbkey ""Gene""; gene ""MOCOS""; gene_biotype ""protein_coding""; gene_synonym ""HMCS""; gene_synonym ""MCS""; gene_synonym ""MOS""; "
NC_000018.10	BestRefSeq%2CGnomon	gene	36297713	36780220	.	+	.	"gene_id ""FHOD3""; transcript_id """"; db_xref ""GeneID:80206""; db_xref ""HGNC:HGNC:26178""; db_xref ""MIM:609691""; description ""formin homology 2 domain containing 3""; gbkey ""Gene""; gene ""FHOD3""; gene_biotype ""protein_coding""; gene_synonym ""CMH28""; gene_synonym ""FHOS2""; gene_synonym ""Formactin2""; "
NC_000018.10	BestRefSeq%2CGnomon	gene	36780024	36829002	.	-	.	"gene_id ""TPGS2""; transcript_id """"; db_xref ""GeneID:25941""; db_xref ""HGNC:HGNC:24561""; db_xref ""MIM:620710""; description ""tubulin polyglutamylase complex subunit 2""; gbkey ""Gene""; gene ""TPGS2""; gene_biotype ""protein_coding""; gene_synonym ""C18orf10""; gene_synonym ""HMFN0601""; gene_synonym ""L17""; gene_synonym ""PGs2""; "
NC_000018.10	BestRefSeq%2CGnomon	gene	36829127	37232172	.	+	.	"gene_id ""KIAA1328""; transcript_id """"; db_xref ""GeneID:57536""; db_xref ""HGNC:HGNC:29248""; db_xref ""MIM:616480""; description ""KIAA1328""; gbkey ""Gene""; gene ""KIAA1328""; gene_biotype ""protein_coding""; "
NC_000018.10	BestRefSeq%2CGnomon	gene	37242844	37565798	.	-	.	"gene_id ""CELF4""; transcript_id """"; db_xref ""GeneID:56853""; db_xref ""HGNC:HGNC:14015""; db_xref ""MIM:612679""; description ""CUGBP Elav-like family member 4""; gbkey ""Gene""; gene ""CELF4""; gene_biotype ""protein_coding""; gene_synonym ""BRUNOL4""; gene_synonym ""CELF-4""; "
NC_000018.10	Gnomon	gene	37734417	37774688	.	-	.	"gene_id ""LOC105372073""; transcript_id """"; db_xref ""GeneID:105372073""; description ""uncharacterized LOC105372073""; gbkey ""Gene""; gene ""LOC105372073""; gene_biotype ""protein_coding""; "
NC_000018.10	BestRefSeq%2CGnomon	gene	41955234	42087830	.	+	.	"gene_id ""PIK3C3""; transcript_id """"; db_xref ""GeneID:5289""; db_xref ""HGNC:HGNC:8974""; db_xref ""MIM:602609""; description ""phosphatidylinositol 3-kinase catalytic subunit type 3""; gbkey ""Gene""; gene ""PIK3C3""; gene_biotype ""protein_coding""; gene_synonym ""hVps34""; gene_synonym ""Vps34""; gene_synonym ""VPS34""; "
NC_000018.10	BestRefSeq	gene	42743227	43115685	.	-	.	"gene_id ""RIT2""; transcript_id """"; db_xref ""GeneID:6014""; db_xref ""HGNC:HGNC:10017""; db_xref ""MIM:609592""; description ""Ras like without CAAX 2""; gbkey ""Gene""; gene ""RIT2""; gene_biotype ""protein_coding""; gene_synonym ""RIBA""; gene_synonym ""RIN""; gene_synonym ""ROC2""; "
NC_000018.10	BestRefSeq	gene	43267892	43277490	.	-	.	"gene_id ""SYT4""; transcript_id """"; db_xref ""GeneID:6860""; db_xref ""HGNC:HGNC:11512""; db_xref ""MIM:600103""; description ""synaptotagmin 4""; gbkey ""Gene""; gene ""SYT4""; gene_biotype ""protein_coding""; gene_synonym ""HsT1192""; "
NC_000018.10	BestRefSeq%2CGnomon	gene	44680073	45068510	.	+	.	"gene_id ""SETBP1""; transcript_id """"; db_xref ""GeneID:26040""; db_xref ""HGNC:HGNC:15573""; db_xref ""MIM:611060""; description ""SET binding protein 1""; gbkey ""Gene""; gene ""SETBP1""; gene_biotype ""protein_coding""; gene_synonym ""MRD29""; gene_synonym ""SEB""; "
NC_000018.10	BestRefSeq%2CGnomon	gene	45167963	45683688	.	+	.	"gene_id ""SLC14A2""; transcript_id """"; db_xref ""GeneID:8170""; db_xref ""HGNC:HGNC:10919""; db_xref ""MIM:601611""; description ""solute carrier family 14 member 2""; gbkey ""Gene""; gene ""SLC14A2""; gene_biotype ""protein_coding""; gene_synonym ""hUT-A6""; gene_synonym ""HUT2""; gene_synonym ""UT-A2""; gene_synonym ""UT2""; gene_synonym ""UTA""; gene_synonym ""UTR""; "
NC_000018.10	BestRefSeq%2CGnomon	gene	45724181	45752520	.	+	.	"gene_id ""SLC14A1""; transcript_id """"; db_xref ""GeneID:6563""; db_xref ""HGNC:HGNC:10918""; db_xref ""MIM:613868""; description ""solute carrier family 14 member 1 (Kidd blood group)""; gbkey ""Gene""; gene ""SLC14A1""; gene_biotype ""protein_coding""; gene_synonym ""HsT1341""; gene_synonym ""HUT11""; gene_synonym ""HUT11A""; gene_synonym ""JK""; gene_synonym ""Jk(a)""; gene_synonym ""Jk(b)""; gene_synonym ""RACH1""; gene_synonym ""RACH2""; gene_synonym ""UT-B1""; gene_synonym ""UT1""; gene_synonym ""UTE""; "
NC_000018.10	BestRefSeq%2CGnomon	gene	45800581	45967329	.	-	.	"gene_id ""EPG5""; transcript_id """"; db_xref ""GeneID:57724""; db_xref ""HGNC:HGNC:29331""; db_xref ""MIM:615068""; description ""ectopic P-granules 5 autophagy tethering factor""; gbkey ""Gene""; gene ""EPG5""; gene_biotype ""protein_coding""; gene_synonym ""HEEW1""; gene_synonym ""KIAA1632""; gene_synonym ""VICIS""; "
NC_000018.10	BestRefSeq	gene	45825675	45844094	.	+	.	"gene_id ""SIGLEC15""; transcript_id """"; db_xref ""GeneID:284266""; db_xref ""HGNC:HGNC:27596""; db_xref ""MIM:618105""; description ""sialic acid binding Ig like lectin 15""; gbkey ""Gene""; gene ""SIGLEC15""; gene_biotype ""protein_coding""; gene_synonym ""CD33L3""; gene_synonym ""HsT1361""; gene_synonym ""SIGLEC-15""; "
NC_000018.10	BestRefSeq	gene	45983536	46072260	.	-	.	"gene_id ""PSTPIP2""; transcript_id """"; db_xref ""GeneID:9050""; db_xref ""HGNC:HGNC:9581""; db_xref ""MIM:616046""; description ""proline-serine-threonine phosphatase interacting protein 2""; gbkey ""Gene""; gene ""PSTPIP2""; gene_biotype ""protein_coding""; gene_synonym ""MAYP""; "
NC_000018.10	BestRefSeq	gene	46080248	46104227	.	-	.	"gene_id ""ATP5F1A""; transcript_id """"; db_xref ""GeneID:498""; db_xref ""HGNC:HGNC:823""; db_xref ""MIM:164360""; description ""ATP synthase F1 subunit alpha""; gbkey ""Gene""; gene ""ATP5F1A""; gene_biotype ""protein_coding""; gene_synonym ""ATP5A""; gene_synonym ""ATP5A1""; gene_synonym ""ATP5AL2""; gene_synonym ""ATPM""; gene_synonym ""COXPD22""; gene_synonym ""hATP1""; gene_synonym ""HEL-S-123m""; gene_synonym ""MC5DN4""; gene_synonym ""MC5DN4A""; gene_synonym ""MC5DN4B""; gene_synonym ""MOM2""; gene_synonym ""OMR""; gene_synonym ""ORM""; "
NC_000018.10	BestRefSeq	gene	46104385	46128333	.	+	.	"gene_id ""HAUS1""; transcript_id """"; db_xref ""GeneID:115106""; db_xref ""HGNC:HGNC:25174""; db_xref ""MIM:608775""; description ""HAUS augmin like complex subunit 1""; gbkey ""Gene""; gene ""HAUS1""; gene_biotype ""protein_coding""; gene_synonym ""CCDC5""; gene_synonym ""HEI-C""; gene_synonym ""HEIC""; gene_synonym ""HsT1461""; "
NC_000018.10	BestRefSeq%2CGnomon	gene	46173553	46266992	.	+	.	"gene_id ""ARK2N""; transcript_id """"; db_xref ""GeneID:147339""; db_xref ""HGNC:HGNC:28172""; description ""arkadia (RNF111) N-terminal like PKA signaling regulator 2N""; gbkey ""Gene""; gene ""ARK2N""; gene_biotype ""protein_coding""; gene_synonym ""ARKL1""; gene_synonym ""C18orf25""; gene_synonym ""RNF111L1""; "
NC_000018.10	BestRefSeq%2CGnomon	gene	46334018	46463140	.	+	.	"gene_id ""ARK2C""; transcript_id """"; db_xref ""GeneID:494470""; db_xref ""HGNC:HGNC:31696""; description ""arkadia (RNF111) C-terminal like ring finger ubiquitin ligase 2C""; gbkey ""Gene""; gene ""ARK2C""; gene_biotype ""protein_coding""; gene_synonym ""ARKL2""; gene_synonym ""lncAMPC""; gene_synonym ""RNF111L2""; gene_synonym ""RNF165""; "
NC_000018.10	BestRefSeq%2CGnomon	gene	46476961	46657220	.	-	.	"gene_id ""LOXHD1""; transcript_id """"; db_xref ""GeneID:125336""; db_xref ""HGNC:HGNC:26521""; db_xref ""MIM:613072""; description ""lipoxygenase homology PLAT domains 1""; gbkey ""Gene""; gene ""LOXHD1""; gene_biotype ""protein_coding""; gene_synonym ""DFNB77""; gene_synonym ""LH2D1""; "
NC_000018.10	BestRefSeq	gene	46667821	46757053	.	-	.	"gene_id ""ST8SIA5""; transcript_id """"; db_xref ""GeneID:29906""; db_xref ""HGNC:HGNC:17827""; db_xref ""MIM:607162""; description ""ST8 alpha-N-acetyl-neuraminide alpha-2,8-sialyltransferase 5""; gbkey ""Gene""; gene ""ST8SIA5""; gene_biotype ""protein_coding""; gene_synonym ""SIAT8-E""; gene_synonym ""SIAT8E""; gene_synonym ""ST8SiaV""; "
NC_000018.10	BestRefSeq%2CGnomon	gene	46803218	46920145	.	-	.	"gene_id ""PIAS2""; transcript_id """"; db_xref ""GeneID:9063""; db_xref ""HGNC:HGNC:17311""; db_xref ""MIM:603567""; description ""protein inhibitor of activated STAT 2""; gbkey ""Gene""; gene ""PIAS2""; gene_biotype ""protein_coding""; gene_synonym ""ARIP3""; gene_synonym ""DIP""; gene_synonym ""MIZ1""; gene_synonym ""PIASX""; gene_synonym ""SIZ2""; gene_synonym ""ZMIZ4""; "
NC_000018.10	BestRefSeq%2CGnomon	gene	46917594	47102243	.	+	.	"gene_id ""KATNAL2""; transcript_id """"; db_xref ""GeneID:83473""; db_xref ""HGNC:HGNC:25387""; db_xref ""MIM:614697""; description ""katanin catalytic subunit A1 like 2""; gbkey ""Gene""; gene ""KATNAL2""; gene_biotype ""protein_coding""; "
NC_000018.10	BestRefSeq	gene	47032527	47035621	.	-	.	"gene_id ""ELOA2""; transcript_id """"; db_xref ""GeneID:51224""; db_xref ""HGNC:HGNC:30771""; db_xref ""MIM:609522""; description ""elongin A2""; gbkey ""Gene""; gene ""ELOA2""; gene_biotype ""protein_coding""; gene_synonym ""HsT832""; gene_synonym ""TCEB3B""; gene_synonym ""TCEB3L""; "
NC_000018.10	BestRefSeq%2CGnomon	gene	47107410	47150500	.	-	.	"gene_id ""HDHD2""; transcript_id """"; db_xref ""GeneID:84064""; db_xref ""HGNC:HGNC:25364""; description ""haloacid dehalogenase like hydrolase domain containing 2""; gbkey ""Gene""; gene ""HDHD2""; gene_biotype ""protein_coding""; gene_synonym ""3110052N05Rik""; gene_synonym ""HEL-S-301""; "
NC_000018.10	BestRefSeq	gene	47152834	47176364	.	-	.	"gene_id ""IER3IP1""; transcript_id """"; db_xref ""GeneID:51124""; db_xref ""HGNC:HGNC:18550""; db_xref ""MIM:609382""; description ""immediate early response 3 interacting protein 1""; gbkey ""Gene""; gene ""IER3IP1""; gene_biotype ""protein_coding""; gene_synonym ""HSPC039""; gene_synonym ""MEDS""; gene_synonym ""PRO2309""; "
NC_000018.10	BestRefSeq%2CGnomon	gene	47206169	47251660	.	-	.	"gene_id ""SKOR2""; transcript_id """"; db_xref ""GeneID:652991""; db_xref ""HGNC:HGNC:32695""; db_xref ""MIM:617138""; description ""SKI family transcriptional corepressor 2""; gbkey ""Gene""; gene ""SKOR2""; gene_biotype ""protein_coding""; gene_synonym ""CH18515""; gene_synonym ""CORL2""; gene_synonym ""FUSSEL18""; "
NC_000018.10	BestRefSeq%2CGnomon	gene	47808957	47930872	.	-	.	"gene_id ""SMAD2""; transcript_id """"; db_xref ""GeneID:4087""; db_xref ""HGNC:HGNC:6768""; db_xref ""MIM:601366""; description ""SMAD family member 2""; gbkey ""Gene""; gene ""SMAD2""; gene_biotype ""protein_coding""; gene_synonym ""CHTD8""; gene_synonym ""hMAD-2""; gene_synonym ""hSMAD2""; gene_synonym ""JV18""; gene_synonym ""JV18-1""; gene_synonym ""LDS6""; gene_synonym ""MADH2""; gene_synonym ""MADR2""; "
NC_000018.10	BestRefSeq%2CGnomon	gene	48026672	48412585	.	-	.	"gene_id ""ZBTB7C""; transcript_id """"; db_xref ""GeneID:201501""; db_xref ""HGNC:HGNC:31700""; db_xref ""MIM:616591""; description ""zinc finger and BTB domain containing 7C""; gbkey ""Gene""; gene ""ZBTB7C""; gene_biotype ""protein_coding""; gene_synonym ""APM-1""; gene_synonym ""APM1""; gene_synonym ""ZBTB36""; gene_synonym ""ZNF857C""; "
NC_000018.10	BestRefSeq%2CGnomon	gene	48539031	48863217	.	+	.	"gene_id ""CTIF""; transcript_id """"; db_xref ""GeneID:9811""; db_xref ""HGNC:HGNC:23925""; db_xref ""MIM:613178""; description ""cap binding complex dependent translation initiation factor""; gbkey ""Gene""; gene ""CTIF""; gene_biotype ""protein_coding""; gene_synonym ""Gm672""; gene_synonym ""KIAA0427""; "
NC_000018.10	BestRefSeq%2CGnomon	gene	48919853	48950965	.	-	.	"gene_id ""SMAD7""; transcript_id """"; db_xref ""GeneID:4092""; db_xref ""HGNC:HGNC:6773""; db_xref ""MIM:602932""; description ""SMAD family member 7""; gbkey ""Gene""; gene ""SMAD7""; gene_biotype ""protein_coding""; gene_synonym ""CRCS3""; gene_synonym ""MADH7""; gene_synonym ""MADH8""; "
NC_000018.10	BestRefSeq%2CGnomon	gene	49036387	49460645	.	-	.	"gene_id ""DYM""; transcript_id """"; db_xref ""GeneID:54808""; db_xref ""HGNC:HGNC:21317""; db_xref ""MIM:607461""; description ""dymeclin""; gbkey ""Gene""; gene ""DYM""; gene_biotype ""protein_coding""; gene_synonym ""DMC""; gene_synonym ""SMC""; "
NC_000018.10	BestRefSeq	gene	49477243	49487234	.	-	.	"gene_id ""C18orf32""; transcript_id """"; db_xref ""GeneID:497661""; db_xref ""HGNC:HGNC:31690""; db_xref ""MIM:619979""; description ""chromosome 18 open reading frame 32""; gbkey ""Gene""; gene ""C18orf32""; gene_biotype ""protein_coding""; gene_synonym ""GPIBD25""; "
NC_000018.10	BestRefSeq	gene	49481178	49492465	.	-	.	"gene_id ""RPL17-C18orf32""; transcript_id """"; db_xref ""GeneID:100526842""; db_xref ""HGNC:HGNC:44661""; description ""RPL17-C18orf32 readthrough""; gbkey ""Gene""; gene ""RPL17-C18orf32""; gene_biotype ""protein_coding""; gene_synonym ""PD-1""; gene_synonym ""RPL17""; "
NC_000018.10	BestRefSeq	gene	49488481	49492465	.	-	.	"gene_id ""RPL17""; transcript_id """"; db_xref ""GeneID:6139""; db_xref ""HGNC:HGNC:10307""; db_xref ""MIM:603661""; description ""ribosomal protein L17""; gbkey ""Gene""; gene ""RPL17""; gene_biotype ""protein_coding""; gene_synonym ""L17""; gene_synonym ""PD-1""; gene_synonym ""RPL23""; gene_synonym ""uL22""; "
NC_000018.10	BestRefSeq%2CGnomon	gene	49561479	49599185	.	+	.	"gene_id ""LIPG""; transcript_id """"; db_xref ""GeneID:9388""; db_xref ""HGNC:HGNC:6623""; db_xref ""MIM:603684""; description ""lipase G, endothelial type""; gbkey ""Gene""; gene ""LIPG""; gene_biotype ""protein_coding""; gene_synonym ""EDL""; gene_synonym ""EL""; gene_synonym ""PRO719""; "
NC_000018.10	BestRefSeq	gene	49782164	49813533	.	-	.	"gene_id ""ACAA2""; transcript_id """"; db_xref ""GeneID:10449""; db_xref ""HGNC:HGNC:83""; db_xref ""MIM:604770""; description ""acetyl-CoA acyltransferase 2""; gbkey ""Gene""; gene ""ACAA2""; gene_biotype ""protein_coding""; gene_synonym ""DSAEC""; gene_synonym ""T1""; "
NC_000018.10	BestRefSeq	gene	49822789	50195147	.	-	.	"gene_id ""MYO5B""; transcript_id """"; db_xref ""GeneID:4645""; db_xref ""HGNC:HGNC:7603""; db_xref ""MIM:606540""; description ""myosin VB""; gbkey ""Gene""; gene ""MYO5B""; gene_biotype ""protein_coding""; gene_synonym ""DIAR2""; gene_synonym ""MVID1""; gene_synonym ""PFIC10""; "
NC_000018.10	BestRefSeq	gene	50227193	50266495	.	-	.	"gene_id ""CFAP53""; transcript_id """"; db_xref ""GeneID:220136""; db_xref ""HGNC:HGNC:26530""; db_xref ""MIM:614759""; description ""cilia and flagella associated protein 53""; gbkey ""Gene""; gene ""CFAP53""; gene_biotype ""protein_coding""; gene_synonym ""CCDC11""; gene_synonym ""HTX6""; "
NC_000018.10	BestRefSeq%2CGnomon	gene	50266885	50281767	.	-	.	"gene_id ""MBD1""; transcript_id """"; db_xref ""GeneID:4152""; db_xref ""HGNC:HGNC:6916""; db_xref ""MIM:156535""; description ""methyl-CpG binding domain protein 1""; gbkey ""Gene""; gene ""MBD1""; gene_biotype ""protein_coding""; gene_synonym ""CXXC3""; gene_synonym ""PCM1""; gene_synonym ""RFT""; "
NC_000018.10	BestRefSeq%2CGnomon	gene	50282347	50287692	.	-	.	"gene_id ""CXXC1""; transcript_id """"; db_xref ""GeneID:30827""; db_xref ""HGNC:HGNC:24343""; db_xref ""MIM:609150""; description ""CXXC finger protein 1""; gbkey ""Gene""; gene ""CXXC1""; gene_biotype ""protein_coding""; gene_synonym ""2410002I16Rik""; gene_synonym ""5830420C16Rik""; gene_synonym ""CFP1""; gene_synonym ""CGBP""; gene_synonym ""hCGBP""; gene_synonym ""HsT2645""; gene_synonym ""PCCX1""; gene_synonym ""PHF18""; gene_synonym ""SPP1""; gene_synonym ""ZCGPC1""; "
NC_000018.10	BestRefSeq	gene	50375046	50394168	.	+	.	"gene_id ""SKA1""; transcript_id """"; db_xref ""GeneID:220134""; db_xref ""HGNC:HGNC:28109""; db_xref ""MIM:616673""; description ""spindle and kinetochore associated complex subunit 1""; gbkey ""Gene""; gene ""SKA1""; gene_biotype ""protein_coding""; gene_synonym ""C18orf24""; "
NC_000018.10	BestRefSeq%2CGnomon	gene	50559612	50731826	.	+	.	"gene_id ""MAPK4""; transcript_id """"; db_xref ""GeneID:5596""; db_xref ""HGNC:HGNC:6878""; db_xref ""MIM:176949""; description ""mitogen-activated protein kinase 4""; gbkey ""Gene""; gene ""MAPK4""; gene_biotype ""protein_coding""; gene_synonym ""ERK-4""; gene_synonym ""ERK4""; gene_synonym ""p63-MAPK""; gene_synonym ""p63MAPK""; gene_synonym ""PRKM4""; "
NC_000018.10	BestRefSeq%2CGnomon	gene	50795130	50825380	.	-	.	"gene_id ""MRO""; transcript_id """"; db_xref ""GeneID:83876""; db_xref ""HGNC:HGNC:24121""; db_xref ""MIM:608080""; description ""maestro""; gbkey ""Gene""; gene ""MRO""; gene_biotype ""protein_coding""; gene_synonym ""B29""; gene_synonym ""C18orf3""; "
NC_000018.10	BestRefSeq	gene	50879118	50954257	.	+	.	"gene_id ""ME2""; transcript_id """"; db_xref ""GeneID:4200""; db_xref ""HGNC:HGNC:6984""; db_xref ""MIM:154270""; description ""malic enzyme 2""; gbkey ""Gene""; gene ""ME2""; gene_biotype ""protein_coding""; gene_synonym ""ODS1""; "
NC_000018.10	BestRefSeq	gene	50968040	50988121	.	+	.	"gene_id ""ELAC1""; transcript_id """"; db_xref ""GeneID:55520""; db_xref ""HGNC:HGNC:14197""; db_xref ""MIM:608079""; description ""elaC ribonuclease Z 1""; gbkey ""Gene""; gene ""ELAC1""; gene_biotype ""protein_coding""; gene_synonym ""D29""; "
NC_000018.10	BestRefSeq	gene	51030213	51085042	.	+	.	"gene_id ""SMAD4""; transcript_id """"; db_xref ""GeneID:4089""; db_xref ""HGNC:HGNC:6770""; db_xref ""MIM:600993""; description ""SMAD family member 4""; gbkey ""Gene""; gene ""SMAD4""; gene_biotype ""protein_coding""; gene_synonym ""DPC4""; gene_synonym ""JIP""; gene_synonym ""MADH4""; gene_synonym ""MYHRS""; "
NC_000018.10	BestRefSeq%2CGnomon	gene	51174550	51197681	.	-	.	"gene_id ""MEX3C""; transcript_id """"; db_xref ""GeneID:51320""; db_xref ""HGNC:HGNC:28040""; db_xref ""MIM:611005""; description ""mex-3 RNA binding family member C""; gbkey ""Gene""; gene ""MEX3C""; gene_biotype ""protein_coding""; gene_synonym ""BM-013""; gene_synonym ""MEX-3C""; gene_synonym ""RKHD2""; gene_synonym ""RNF194""; "
NC_000018.10	BestRefSeq%2CGnomon	gene	52340197	53535899	.	+	.	"gene_id ""DCC""; transcript_id """"; db_xref ""GeneID:1630""; db_xref ""HGNC:HGNC:2701""; db_xref ""MIM:120470""; description ""DCC netrin 1 receptor""; gbkey ""Gene""; gene ""DCC""; gene_biotype ""protein_coding""; gene_synonym ""CRC18""; gene_synonym ""CRCR1""; gene_synonym ""HGPPS2""; gene_synonym ""IGDCC1""; gene_synonym ""MRMV1""; gene_synonym ""NTN1R1""; "
NC_000018.10	Gnomon	gene	53480835	53746933	.	-	.	"gene_id ""LOC124904304""; transcript_id """"; db_xref ""GeneID:124904304""; description ""uncharacterized LOC124904304""; gbkey ""Gene""; gene ""LOC124904304""; gene_biotype ""protein_coding""; "
NC_000018.10	BestRefSeq	gene	54151606	54224669	.	-	.	"gene_id ""MBD2""; transcript_id """"; db_xref ""GeneID:8932""; db_xref ""HGNC:HGNC:6917""; db_xref ""MIM:603547""; description ""methyl-CpG binding domain protein 2""; gbkey ""Gene""; gene ""MBD2""; gene_biotype ""protein_coding""; gene_synonym ""DMTase""; gene_synonym ""NY-CO-41""; "
NC_000018.10	BestRefSeq%2CGnomon	gene	54269479	54321266	.	+	.	"gene_id ""POLI""; transcript_id """"; db_xref ""GeneID:11201""; db_xref ""HGNC:HGNC:9182""; db_xref ""MIM:605252""; description ""DNA polymerase iota""; gbkey ""Gene""; gene ""POLI""; gene_biotype ""protein_coding""; gene_synonym ""eta2""; gene_synonym ""RAD30B""; gene_synonym ""RAD3OB""; "
NC_000018.10	BestRefSeq%2CGnomon	gene	54324492	54357858	.	-	.	"gene_id ""STARD6""; transcript_id """"; db_xref ""GeneID:147323""; db_xref ""HGNC:HGNC:18066""; db_xref ""MIM:607051""; description ""StAR related lipid transfer domain containing 6""; gbkey ""Gene""; gene ""STARD6""; gene_biotype ""protein_coding""; "
NC_000018.10	BestRefSeq%2CGnomon	gene	54357906	54382035	.	+	.	"gene_id ""C18orf54""; transcript_id """"; db_xref ""GeneID:162681""; db_xref ""HGNC:HGNC:13796""; db_xref ""MIM:613258""; description ""chromosome 18 open reading frame 54""; gbkey ""Gene""; gene ""C18orf54""; gene_biotype ""protein_coding""; gene_synonym ""LAS2""; "
NC_000018.10	BestRefSeq%2CGnomon	gene	54575621	54599493	.	+	.	"gene_id ""DYNAP""; transcript_id """"; db_xref ""GeneID:284254""; db_xref ""HGNC:HGNC:26808""; db_xref ""MIM:619421""; description ""dynactin associated protein""; gbkey ""Gene""; gene ""DYNAP""; gene_biotype ""protein_coding""; gene_synonym ""C18orf26""; "
NC_000018.10	BestRefSeq%2CGnomon	gene	54717857	54895516	.	+	.	"gene_id ""RAB27B""; transcript_id """"; db_xref ""GeneID:5874""; db_xref ""HGNC:HGNC:9767""; db_xref ""MIM:603869""; description ""RAB27B, member RAS oncogene family""; gbkey ""Gene""; gene ""RAB27B""; gene_biotype ""protein_coding""; gene_synonym ""C25KG""; "
NC_000018.10	BestRefSeq%2CGnomon	gene	54901509	54959461	.	-	.	"gene_id ""CCDC68""; transcript_id """"; db_xref ""GeneID:80323""; db_xref ""HGNC:HGNC:24350""; db_xref ""MIM:616909""; description ""coiled-coil domain containing 68""; gbkey ""Gene""; gene ""CCDC68""; gene_biotype ""protein_coding""; gene_synonym ""SE57-1""; "
NC_000018.10	BestRefSeq	gene	55222185	55635957	.	-	.	"gene_id ""TCF4""; transcript_id """"; db_xref ""GeneID:6925""; db_xref ""HGNC:HGNC:11634""; db_xref ""MIM:602272""; description ""transcription factor 4""; gbkey ""Gene""; gene ""TCF4""; gene_biotype ""protein_coding""; gene_synonym ""bHLHb19""; gene_synonym ""CDG2T""; gene_synonym ""E2-2""; gene_synonym ""FCD2""; gene_synonym ""FECD3""; gene_synonym ""ITF-2""; gene_synonym ""ITF2""; gene_synonym ""PTHS""; gene_synonym ""SEF-2""; gene_synonym ""SEF2""; gene_synonym ""SEF2-1""; gene_synonym ""SEF2-1A""; gene_synonym ""SEF2-1B""; gene_synonym ""SEF2-1D""; gene_synonym ""TCF-4""; "
NC_000018.10	BestRefSeq%2CGnomon	gene	56597209	56638592	.	-	.	"gene_id ""TXNL1""; transcript_id """"; db_xref ""GeneID:9352""; db_xref ""HGNC:HGNC:12436""; db_xref ""MIM:603049""; description ""thioredoxin like 1""; gbkey ""Gene""; gene ""TXNL1""; gene_biotype ""protein_coding""; gene_synonym ""HEL-S-114""; gene_synonym ""TRP32""; gene_synonym ""Txl""; gene_synonym ""TXL-1""; gene_synonym ""TXNL""; "
NC_000018.10	BestRefSeq%2CGnomon	gene	56651359	57036606	.	+	.	"gene_id ""WDR7""; transcript_id """"; db_xref ""GeneID:23335""; db_xref ""HGNC:HGNC:13490""; db_xref ""MIM:613473""; description ""WD repeat domain 7""; gbkey ""Gene""; gene ""WDR7""; gene_biotype ""protein_coding""; gene_synonym ""TRAG""; "
NC_000018.10	BestRefSeq	gene	57147087	57150410	.	+	.	"gene_id ""BOD1L2""; transcript_id """"; db_xref ""GeneID:284257""; db_xref ""HGNC:HGNC:28505""; description ""biorientation of chromosomes in cell division 1 like 2""; gbkey ""Gene""; gene ""BOD1L2""; gene_biotype ""protein_coding""; gene_synonym ""BOD1P""; gene_synonym ""FAM44C""; "
NC_000018.10	BestRefSeq	gene	57352557	57368931	.	+	.	"gene_id ""ST8SIA3""; transcript_id """"; db_xref ""GeneID:51046""; db_xref ""HGNC:HGNC:14269""; db_xref ""MIM:609478""; description ""ST8 alpha-N-acetyl-neuraminide alpha-2,8-sialyltransferase 3""; gbkey ""Gene""; gene ""ST8SIA3""; gene_biotype ""protein_coding""; gene_synonym ""SIAT8C""; gene_synonym ""ST8SiaIII""; "
NC_000018.10	BestRefSeq%2CGnomon	gene	57435374	57491298	.	+	.	"gene_id ""ONECUT2""; transcript_id """"; db_xref ""GeneID:9480""; db_xref ""HGNC:HGNC:8139""; db_xref ""MIM:604894""; description ""one cut homeobox 2""; gbkey ""Gene""; gene ""ONECUT2""; gene_biotype ""protein_coding""; gene_synonym ""OC-2""; gene_synonym ""OC2""; "
NC_000018.10	BestRefSeq%2CGnomon	gene	57544377	57586702	.	-	.	"gene_id ""FECH""; transcript_id """"; db_xref ""GeneID:2235""; db_xref ""HGNC:HGNC:3647""; db_xref ""MIM:612386""; description ""ferrochelatase""; gbkey ""Gene""; gene ""FECH""; gene_biotype ""protein_coding""; gene_synonym ""EPP""; gene_synonym ""EPP1""; gene_synonym ""FCE""; "
NC_000018.10	BestRefSeq%2CGnomon	gene	57600656	57621836	.	-	.	"gene_id ""NARS1""; transcript_id """"; db_xref ""GeneID:4677""; db_xref ""HGNC:HGNC:7643""; db_xref ""MIM:108410""; description ""asparaginyl-tRNA synthetase 1""; gbkey ""Gene""; gene ""NARS1""; gene_biotype ""protein_coding""; gene_synonym ""ASNRS""; gene_synonym ""NARS""; gene_synonym ""NEDMILEG""; gene_synonym ""NEDMILG""; "
NC_000018.10	BestRefSeq%2CGnomon	gene	57646426	57803315	.	-	.	"gene_id ""ATP8B1""; transcript_id """"; db_xref ""GeneID:5205""; db_xref ""HGNC:HGNC:3706""; db_xref ""MIM:602397""; description ""ATPase phospholipid transporting 8B1""; gbkey ""Gene""; gene ""ATP8B1""; gene_biotype ""protein_coding""; gene_synonym ""ATPIC""; gene_synonym ""BRIC""; gene_synonym ""FIC1""; gene_synonym ""ICP1""; gene_synonym ""PFIC""; gene_synonym ""PFIC1""; "
NC_000018.10	BestRefSeq%2CGnomon	gene	58044226	58401540	.	+	.	"gene_id ""NEDD4L""; transcript_id """"; db_xref ""GeneID:23327""; db_xref ""HGNC:HGNC:7728""; db_xref ""MIM:606384""; description ""NEDD4 like E3 ubiquitin protein ligase""; gbkey ""Gene""; gene ""NEDD4L""; gene_biotype ""protein_coding""; gene_synonym ""hNEDD4-2""; gene_synonym ""NEDD4-2""; gene_synonym ""NEDD4.2""; gene_synonym ""PVNH7""; gene_synonym ""RSP5""; "
NC_000018.10	BestRefSeq	gene	58481247	58629091	.	-	.	"gene_id ""ALPK2""; transcript_id """"; db_xref ""GeneID:115701""; db_xref ""HGNC:HGNC:20565""; db_xref ""MIM:619965""; description ""alpha kinase 2""; gbkey ""Gene""; gene ""ALPK2""; gene_biotype ""protein_coding""; gene_synonym ""HAK""; "
NC_000018.10	BestRefSeq%2CGnomon	gene	58671465	58754477	.	+	.	"gene_id ""MALT1""; transcript_id """"; db_xref ""GeneID:10892""; db_xref ""HGNC:HGNC:6819""; db_xref ""MIM:604860""; description ""MALT1 paracaspase""; gbkey ""Gene""; gene ""MALT1""; gene_biotype ""protein_coding""; gene_synonym ""IMD12""; gene_synonym ""MLT""; gene_synonym ""MLT1""; gene_synonym ""PCASP1""; "
NC_000018.10	BestRefSeq%2CGnomon	gene	58862924	58986480	.	+	.	"gene_id ""ZNF532""; transcript_id """"; db_xref ""GeneID:55205""; db_xref ""HGNC:HGNC:30940""; db_xref ""MIM:619066""; description ""zinc finger protein 532""; gbkey ""Gene""; gene ""ZNF532""; gene_biotype ""protein_coding""; "
NC_000018.10	BestRefSeq%2CGnomon	gene	59139884	59158832	.	+	.	"gene_id ""SEC11C""; transcript_id """"; db_xref ""GeneID:90701""; db_xref ""HGNC:HGNC:23400""; description ""SEC11 homolog C, signal peptidase complex subunit""; gbkey ""Gene""; gene ""SEC11C""; gene_biotype ""protein_coding""; gene_synonym ""SEC11L3""; gene_synonym ""SPC21""; gene_synonym ""SPCS4C""; "
NC_000018.10	BestRefSeq%2CGnomon	gene	59219189	59230771	.	+	.	"gene_id ""GRP""; transcript_id """"; db_xref ""GeneID:2922""; db_xref ""HGNC:HGNC:4605""; db_xref ""MIM:137260""; description ""gastrin releasing peptide""; gbkey ""Gene""; gene ""GRP""; gene_biotype ""protein_coding""; gene_synonym ""BN""; gene_synonym ""GRP-10""; gene_synonym ""preproGRP""; gene_synonym ""proGRP""; "
NC_000018.10	BestRefSeq	gene	59267038	59273454	.	-	.	"gene_id ""RAX""; transcript_id """"; db_xref ""GeneID:30062""; db_xref ""HGNC:HGNC:18662""; db_xref ""MIM:601881""; description ""retina and anterior neural fold homeobox""; gbkey ""Gene""; gene ""RAX""; gene_biotype ""protein_coding""; gene_synonym ""MCOP3""; gene_synonym ""MCOPS16""; gene_synonym ""RAX1""; gene_synonym ""RX""; "
NC_000018.10	BestRefSeq	gene	59295402	59318649	.	-	.	"gene_id ""CPLX4""; transcript_id """"; db_xref ""GeneID:339302""; db_xref ""HGNC:HGNC:24330""; db_xref ""MIM:609586""; description ""complexin 4""; gbkey ""Gene""; gene ""CPLX4""; gene_biotype ""protein_coding""; gene_synonym ""CPX-IV""; gene_synonym ""CPXIV""; "
NC_000018.10	BestRefSeq	gene	59327823	59359265	.	-	.	"gene_id ""LMAN1""; transcript_id """"; db_xref ""GeneID:3998""; db_xref ""HGNC:HGNC:6631""; db_xref ""MIM:601567""; description ""lectin, mannose binding 1""; gbkey ""Gene""; gene ""LMAN1""; gene_biotype ""protein_coding""; gene_synonym ""ERGIC-53""; gene_synonym ""ERGIC53""; gene_synonym ""F5F8D""; gene_synonym ""FMFD1""; gene_synonym ""gp58""; gene_synonym ""MCFD1""; gene_synonym ""MR60""; "
NC_000018.10	BestRefSeq%2CGnomon	gene	59430939	59697721	.	-	.	"gene_id ""CCBE1""; transcript_id """"; db_xref ""GeneID:147372""; db_xref ""HGNC:HGNC:29426""; db_xref ""MIM:612753""; description ""collagen and calcium binding EGF domains 1""; gbkey ""Gene""; gene ""CCBE1""; gene_biotype ""protein_coding""; gene_synonym ""HKLLS1""; "
NC_000018.10	BestRefSeq	gene	59899996	59904305	.	+	.	"gene_id ""PMAIP1""; transcript_id """"; db_xref ""GeneID:5366""; db_xref ""HGNC:HGNC:9108""; db_xref ""MIM:604959""; description ""phorbol-12-myristate-13-acetate-induced protein 1""; gbkey ""Gene""; gene ""PMAIP1""; gene_biotype ""protein_coding""; gene_synonym ""APR""; gene_synonym ""NOXA""; "
NC_000018.10	BestRefSeq	gene	60371062	60372775	.	-	.	"gene_id ""MC4R""; transcript_id """"; db_xref ""GeneID:4160""; db_xref ""HGNC:HGNC:6932""; db_xref ""MIM:155541""; description ""melanocortin 4 receptor""; gbkey ""Gene""; gene ""MC4R""; gene_biotype ""protein_coding""; gene_synonym ""BMIQ20""; "
NC_000018.10	BestRefSeq%2CGnomon	gene	61333430	61555779	.	+	.	"gene_id ""CDH20""; transcript_id """"; db_xref ""GeneID:28316""; db_xref ""HGNC:HGNC:1760""; db_xref ""MIM:605807""; description ""cadherin 20""; gbkey ""Gene""; gene ""CDH20""; gene_biotype ""protein_coding""; gene_synonym ""Cdh7""; gene_synonym ""CDH7L3""; "
NC_000018.10	BestRefSeq%2CGnomon	gene	61808067	61894412	.	-	.	"gene_id ""RNF152""; transcript_id """"; db_xref ""GeneID:220441""; db_xref ""HGNC:HGNC:26811""; db_xref ""MIM:616512""; description ""ring finger protein 152""; gbkey ""Gene""; gene ""RNF152""; gene_biotype ""protein_coding""; "
NC_000018.10	BestRefSeq%2CGnomon	gene	62017615	62187056	.	-	.	"gene_id ""PIGN""; transcript_id """"; db_xref ""GeneID:23556""; db_xref ""HGNC:HGNC:8967""; db_xref ""MIM:606097""; description ""phosphatidylinositol glycan anchor biosynthesis class N""; gbkey ""Gene""; gene ""PIGN""; gene_biotype ""protein_coding""; gene_synonym ""MCAHS""; gene_synonym ""MCAHS1""; gene_synonym ""MCD4""; gene_synonym ""MDC4""; gene_synonym ""PIG-N""; "
NC_000018.10	BestRefSeq%2CGnomon	gene	62187255	62310249	.	+	.	"gene_id ""RELCH""; transcript_id """"; db_xref ""GeneID:57614""; db_xref ""HGNC:HGNC:29289""; db_xref ""MIM:618001""; description ""RAB11 binding and LisH domain, coiled-coil and HEAT repeat containing""; gbkey ""Gene""; gene ""RELCH""; gene_biotype ""protein_coding""; gene_synonym ""HsT3308""; gene_synonym ""HsT885""; gene_synonym ""KIAA1468""; "
NC_000018.10	BestRefSeq%2CGnomon	gene	62325310	62391288	.	+	.	"gene_id ""TNFRSF11A""; transcript_id """"; db_xref ""GeneID:8792""; db_xref ""HGNC:HGNC:11908""; db_xref ""MIM:603499""; description ""TNF receptor superfamily member 11a""; gbkey ""Gene""; gene ""TNFRSF11A""; gene_biotype ""protein_coding""; gene_synonym ""CD265""; gene_synonym ""FEO""; gene_synonym ""LOH18CR1""; gene_synonym ""ODFR""; gene_synonym ""OFE""; gene_synonym ""OPTB7""; gene_synonym ""OSTS""; gene_synonym ""PDB2""; gene_synonym ""RANK""; gene_synonym ""TRANCE-R""; gene_synonym ""TRANCER""; "
NC_000018.10	BestRefSeq	gene	62523025	62586729	.	+	.	"gene_id ""ZCCHC2""; transcript_id """"; db_xref ""GeneID:54877""; db_xref ""HGNC:HGNC:22916""; db_xref ""MIM:620095""; description ""zinc finger CCHC-type containing 2""; gbkey ""Gene""; gene ""ZCCHC2""; gene_biotype ""protein_coding""; gene_synonym ""C18orf49""; "
NC_000018.10	BestRefSeq	gene	62715541	62980433	.	+	.	"gene_id ""PHLPP1""; transcript_id """"; db_xref ""GeneID:23239""; db_xref ""HGNC:HGNC:20610""; db_xref ""MIM:609396""; description ""PH domain and leucine rich repeat protein phosphatase 1""; gbkey ""Gene""; gene ""PHLPP1""; gene_biotype ""protein_coding""; gene_synonym ""PHLPP""; gene_synonym ""PLEKHE1""; gene_synonym ""PPM3A""; gene_synonym ""SCOP""; "
NC_000018.10	BestRefSeq%2CGnomon	gene	63123346	63320090	.	-	.	"gene_id ""BCL2""; transcript_id """"; db_xref ""GeneID:596""; db_xref ""HGNC:HGNC:990""; db_xref ""MIM:151430""; description ""BCL2 apoptosis regulator""; gbkey ""Gene""; gene ""BCL2""; gene_biotype ""protein_coding""; gene_synonym ""Bcl-2""; gene_synonym ""PPP1R50""; "
NC_000018.10	BestRefSeq	gene	63327726	63367206	.	-	.	"gene_id ""KDSR""; transcript_id """"; db_xref ""GeneID:2531""; db_xref ""HGNC:HGNC:4021""; db_xref ""MIM:136440""; description ""3-ketodihydrosphingosine reductase""; gbkey ""Gene""; gene ""KDSR""; gene_biotype ""protein_coding""; gene_synonym ""DHSR""; gene_synonym ""EKVP4""; gene_synonym ""FVT1""; gene_synonym ""SDR35C1""; "
NC_000018.10	BestRefSeq%2CGnomon	gene	63389190	63422476	.	-	.	"gene_id ""VPS4B""; transcript_id """"; db_xref ""GeneID:9525""; db_xref ""HGNC:HGNC:10895""; db_xref ""MIM:609983""; description ""vacuolar protein sorting 4 homolog B""; gbkey ""Gene""; gene ""VPS4B""; gene_biotype ""protein_coding""; gene_synonym ""MIG1""; gene_synonym ""SKD1""; gene_synonym ""SKD1B""; gene_synonym ""VPS4-2""; "
NC_000018.10	BestRefSeq%2CGnomon	gene	63476958	63505085	.	+	.	"gene_id ""SERPINB5""; transcript_id """"; db_xref ""GeneID:5268""; db_xref ""HGNC:HGNC:8949""; db_xref ""MIM:154790""; description ""serpin family B member 5""; gbkey ""Gene""; gene ""SERPINB5""; gene_biotype ""protein_coding""; gene_synonym ""maspin""; gene_synonym ""PI5""; "
NC_000018.10	BestRefSeq%2CGnomon	gene	63519110	63569329	.	+	.	"gene_id ""SERPINB12""; transcript_id """"; db_xref ""GeneID:89777""; db_xref ""HGNC:HGNC:14220""; db_xref ""MIM:615662""; description ""serpin family B member 12""; gbkey ""Gene""; gene ""SERPINB12""; gene_biotype ""protein_coding""; gene_synonym ""YUKOPIN""; "
NC_000018.10	BestRefSeq%2CGnomon	gene	63587343	63599192	.	+	.	"gene_id ""SERPINB13""; transcript_id """"; db_xref ""GeneID:5275""; db_xref ""HGNC:HGNC:8944""; db_xref ""MIM:604445""; description ""serpin family B member 13""; gbkey ""Gene""; gene ""SERPINB13""; gene_biotype ""protein_coding""; gene_synonym ""headpin""; gene_synonym ""HSHUR7SEQ""; gene_synonym ""HUR7""; gene_synonym ""PI13""; "
NC_000018.10	BestRefSeq%2CGnomon	gene	63637259	63644256	.	-	.	"gene_id ""SERPINB4""; transcript_id """"; db_xref ""GeneID:6318""; db_xref ""HGNC:HGNC:10570""; db_xref ""MIM:600518""; description ""serpin family B member 4""; gbkey ""Gene""; gene ""SERPINB4""; gene_biotype ""protein_coding""; gene_synonym ""LEUPIN""; gene_synonym ""PI11""; gene_synonym ""SCCA-2""; gene_synonym ""SCCA1""; gene_synonym ""SCCA2""; "
NC_000018.10	BestRefSeq	gene	63655197	63661893	.	-	.	"gene_id ""SERPINB3""; transcript_id """"; db_xref ""GeneID:6317""; db_xref ""HGNC:HGNC:10569""; db_xref ""MIM:600517""; description ""serpin family B member 3""; gbkey ""Gene""; gene ""SERPINB3""; gene_biotype ""protein_coding""; gene_synonym ""HsT1196""; gene_synonym ""SCC""; gene_synonym ""SCCA-1""; gene_synonym ""SCCA-PD""; gene_synonym ""SCCA1""; gene_synonym ""SSCA1""; gene_synonym ""T4-A""; "
NC_000018.10	BestRefSeq	gene	63702304	63723893	.	+	.	"gene_id ""SERPINB11""; transcript_id """"; db_xref ""GeneID:89778""; db_xref ""HGNC:HGNC:14221""; db_xref ""MIM:615682""; description ""serpin family B member 11""; gbkey ""Gene""; gene ""SERPINB11""; gene_biotype ""protein_coding""; gene_synonym ""EPIPIN""; gene_synonym ""SERPIN11""; "
NC_000018.10	BestRefSeq%2CGnomon	gene	63753057	63805370	.	+	.	"gene_id ""SERPINB7""; transcript_id """"; db_xref ""GeneID:8710""; db_xref ""HGNC:HGNC:13902""; db_xref ""MIM:603357""; description ""serpin family B member 7""; gbkey ""Gene""; gene ""SERPINB7""; gene_biotype ""protein_coding""; gene_synonym ""MEGSIN""; gene_synonym ""PPKN""; gene_synonym ""TP55""; "
NC_000018.10	BestRefSeq%2CGnomon	gene	63887705	63903888	.	+	.	"gene_id ""SERPINB2""; transcript_id """"; db_xref ""GeneID:5055""; db_xref ""HGNC:HGNC:8584""; db_xref ""MIM:173390""; description ""serpin family B member 2""; gbkey ""Gene""; gene ""SERPINB2""; gene_biotype ""protein_coding""; gene_synonym ""HsT1201""; gene_synonym ""PAI""; gene_synonym ""PAI-2""; gene_synonym ""PAI2""; gene_synonym ""PLANH2""; "
NC_000018.10	BestRefSeq%2CGnomon	gene	63907958	63936111	.	+	.	"gene_id ""SERPINB10""; transcript_id """"; db_xref ""GeneID:5273""; db_xref ""HGNC:HGNC:8942""; db_xref ""MIM:602058""; description ""serpin family B member 10""; gbkey ""Gene""; gene ""SERPINB10""; gene_biotype ""protein_coding""; gene_synonym ""PI-10""; gene_synonym ""PI10""; "
NC_000018.10	BestRefSeq%2CGnomon	gene	63949301	63969648	.	+	.	"gene_id ""HMSD""; transcript_id """"; db_xref ""GeneID:284293""; db_xref ""HGNC:HGNC:23037""; db_xref ""MIM:612086""; description ""histocompatibility minor serpin domain containing""; gbkey ""Gene""; gene ""HMSD""; gene_biotype ""protein_coding""; gene_synonym ""ACC-6""; gene_synonym ""ACC6""; gene_synonym ""C18orf53""; gene_synonym ""HSMD-v""; "
NC_000018.10	BestRefSeq	gene	63970081	64019779	.	+	.	"gene_id ""SERPINB8""; transcript_id """"; db_xref ""GeneID:5271""; db_xref ""HGNC:HGNC:8952""; db_xref ""MIM:601697""; description ""serpin family B member 8""; gbkey ""Gene""; gene ""SERPINB8""; gene_biotype ""protein_coding""; gene_synonym ""C18orf53""; gene_synonym ""CAP2""; gene_synonym ""PI-8""; gene_synonym ""PI8""; gene_synonym ""PSS5""; "
NC_000018.10	BestRefSeq	gene	65750252	65890337	.	+	.	"gene_id ""CDH7""; transcript_id """"; db_xref ""GeneID:1005""; db_xref ""HGNC:HGNC:1766""; db_xref ""MIM:605806""; description ""cadherin 7""; gbkey ""Gene""; gene ""CDH7""; gene_biotype ""protein_coding""; gene_synonym ""CDH7L1""; "
NC_000018.10	BestRefSeq%2CGnomon	gene	66501083	66604090	.	-	.	"gene_id ""CDH19""; transcript_id """"; db_xref ""GeneID:28513""; db_xref ""HGNC:HGNC:1758""; db_xref ""MIM:603016""; description ""cadherin 19""; gbkey ""Gene""; gene ""CDH19""; gene_biotype ""protein_coding""; gene_synonym ""CDH7""; gene_synonym ""CDH7L2""; "
NC_000018.10	BestRefSeq	gene	67506587	67516720	.	-	.	"gene_id ""DSEL""; transcript_id """"; db_xref ""GeneID:92126""; db_xref ""HGNC:HGNC:18144""; db_xref ""MIM:611125""; description ""dermatan sulfate epimerase like""; gbkey ""Gene""; gene ""DSEL""; gene_biotype ""protein_coding""; gene_synonym ""C18orf4""; gene_synonym ""DE-epi2""; "
NC_000018.10	BestRefSeq%2CGnomon	gene	68673688	68715108	.	-	.	"gene_id ""TMX3""; transcript_id """"; db_xref ""GeneID:54495""; db_xref ""HGNC:HGNC:24718""; db_xref ""MIM:616102""; description ""thioredoxin related transmembrane protein 3""; gbkey ""Gene""; gene ""TMX3""; gene_biotype ""protein_coding""; gene_synonym ""PDIA13""; gene_synonym ""TXNDC10""; "
NC_000018.10	BestRefSeq%2CGnomon	gene	68715216	69058121	.	+	.	"gene_id ""CCDC102B""; transcript_id """"; db_xref ""GeneID:79839""; db_xref ""HGNC:HGNC:26295""; description ""coiled-coil domain containing 102B""; gbkey ""Gene""; gene ""CCDC102B""; gene_biotype ""protein_coding""; gene_synonym ""ACY1L""; gene_synonym ""AN""; gene_synonym ""C18orf14""; gene_synonym ""HsT1731""; "
NC_000018.10	BestRefSeq%2CGnomon	gene	69400888	69849087	.	+	.	"gene_id ""DOK6""; transcript_id """"; db_xref ""GeneID:220164""; db_xref ""HGNC:HGNC:28301""; db_xref ""MIM:611402""; description ""docking protein 6""; gbkey ""Gene""; gene ""DOK6""; gene_biotype ""protein_coding""; gene_synonym ""DOK5L""; gene_synonym ""HsT3226""; "
NC_000018.10	BestRefSeq%2CGnomon	gene	69853274	69961773	.	-	.	"gene_id ""CD226""; transcript_id """"; db_xref ""GeneID:10666""; db_xref ""HGNC:HGNC:16961""; db_xref ""MIM:605397""; description ""CD226 molecule""; gbkey ""Gene""; gene ""CD226""; gene_biotype ""protein_coding""; gene_synonym ""DNAM-1""; gene_synonym ""DNAM1""; gene_synonym ""PTA1""; gene_synonym ""TLiSA1""; "
NC_000018.10	BestRefSeq%2CGnomon	gene	70003031	70205687	.	-	.	"gene_id ""RTTN""; transcript_id """"; db_xref ""GeneID:25914""; db_xref ""HGNC:HGNC:18654""; db_xref ""MIM:610436""; description ""rotatin""; gbkey ""Gene""; gene ""RTTN""; gene_biotype ""protein_coding""; gene_synonym ""MSSP""; "
NC_000018.10	BestRefSeq%2CGnomon	gene	70289045	70330199	.	+	.	"gene_id ""SOCS6""; transcript_id """"; db_xref ""GeneID:9306""; db_xref ""HGNC:HGNC:16833""; db_xref ""MIM:605118""; description ""suppressor of cytokine signaling 6""; gbkey ""Gene""; gene ""SOCS6""; gene_biotype ""protein_coding""; gene_synonym ""CIS-4""; gene_synonym ""CIS4""; gene_synonym ""HSPC060""; gene_synonym ""SOCS-4""; gene_synonym ""SOCS-6""; gene_synonym ""SOCS4""; gene_synonym ""SSI4""; gene_synonym ""STAI4""; gene_synonym ""STATI4""; "
NC_000018.10	BestRefSeq%2CGnomon	gene	72536681	72638521	.	-	.	"gene_id ""CBLN2""; transcript_id """"; db_xref ""GeneID:147381""; db_xref ""HGNC:HGNC:1544""; db_xref ""MIM:600433""; description ""cerebellin 2 precursor""; gbkey ""Gene""; gene ""CBLN2""; gene_biotype ""protein_coding""; "
NC_000018.10	BestRefSeq%2CGnomon	gene	72742314	72867987	.	-	.	"gene_id ""NETO1""; transcript_id """"; db_xref ""GeneID:81832""; db_xref ""HGNC:HGNC:13823""; db_xref ""MIM:607973""; description ""neuropilin and tolloid like 1""; gbkey ""Gene""; gene ""NETO1""; gene_biotype ""protein_coding""; gene_synonym ""BCTL1""; gene_synonym ""BTCL1""; "
NC_000018.10	BestRefSeq%2CGnomon	gene	74073368	74147834	.	-	.	"gene_id ""FBXO15""; transcript_id """"; db_xref ""GeneID:201456""; db_xref ""HGNC:HGNC:13617""; db_xref ""MIM:609093""; description ""F-box protein 15""; gbkey ""Gene""; gene ""FBXO15""; gene_biotype ""protein_coding""; gene_synonym ""FBX15""; "
NC_000018.10	BestRefSeq%2CGnomon	gene	74148523	74160531	.	+	.	"gene_id ""TIMM21""; transcript_id """"; db_xref ""GeneID:29090""; db_xref ""HGNC:HGNC:25010""; db_xref ""MIM:615180""; description ""translocase of inner mitochondrial membrane 21""; gbkey ""Gene""; gene ""TIMM21""; gene_biotype ""protein_coding""; gene_synonym ""C18orf55""; gene_synonym ""HSPC154""; gene_synonym ""TIM21""; "
NC_000018.10	BestRefSeq%2CGnomon	gene	74250846	74291963	.	-	.	"gene_id ""CYB5A""; transcript_id """"; db_xref ""GeneID:1528""; db_xref ""HGNC:HGNC:2570""; db_xref ""MIM:613218""; description ""cytochrome b5 type A""; gbkey ""Gene""; gene ""CYB5A""; gene_biotype ""protein_coding""; gene_synonym ""CYB5""; gene_synonym ""MCB5""; gene_synonym ""METAG""; "
NC_000018.10	BestRefSeq	gene	74315839	74359189	.	+	.	"gene_id ""C18orf63""; transcript_id """"; db_xref ""GeneID:644041""; db_xref ""HGNC:HGNC:40037""; description ""chromosome 18 open reading frame 63""; gbkey ""Gene""; gene ""C18orf63""; gene_biotype ""protein_coding""; gene_synonym ""DKFZP781G0119""; "
NC_000018.10	BestRefSeq%2CGnomon	gene	74434775	74464648	.	-	.	"gene_id ""DIPK1C""; transcript_id """"; db_xref ""GeneID:125704""; db_xref ""HGNC:HGNC:31729""; db_xref ""MIM:614544""; description ""divergent protein kinase domain 1C""; gbkey ""Gene""; gene ""DIPK1C""; gene_biotype ""protein_coding""; gene_synonym ""C18orf51""; gene_synonym ""FAM69C""; gene_synonym ""FNCAD""; "
NC_000018.10	BestRefSeq%2CGnomon	gene	74496363	74523454	.	+	.	"gene_id ""CNDP2""; transcript_id """"; db_xref ""GeneID:55748""; db_xref ""HGNC:HGNC:24437""; db_xref ""MIM:169800""; description ""carnosine dipeptidase 2""; gbkey ""Gene""; gene ""CNDP2""; gene_biotype ""protein_coding""; gene_synonym ""CN2""; gene_synonym ""CPGL""; gene_synonym ""HEL-S-13""; gene_synonym ""HsT2298""; gene_synonym ""PEPA""; "
NC_000018.10	BestRefSeq	gene	74534500	74587212	.	+	.	"gene_id ""CNDP1""; transcript_id """"; db_xref ""GeneID:84735""; db_xref ""HGNC:HGNC:20675""; db_xref ""MIM:609064""; description ""carnosine dipeptidase 1""; gbkey ""Gene""; gene ""CNDP1""; gene_biotype ""protein_coding""; gene_synonym ""CN1""; gene_synonym ""CPGL2""; gene_synonym ""HsT2308""; "
NC_000018.10	BestRefSeq%2CGnomon	gene	74597870	75065671	.	+	.	"gene_id ""ZNF407""; transcript_id """"; db_xref ""GeneID:55628""; db_xref ""HGNC:HGNC:19904""; db_xref ""MIM:615894""; description ""zinc finger protein 407""; gbkey ""Gene""; gene ""ZNF407""; gene_biotype ""protein_coding""; gene_synonym ""SIMHA""; "
NC_000018.10	BestRefSeq%2CGnomon	gene	75195108	75209139	.	-	.	"gene_id ""PTGR3""; transcript_id """"; db_xref ""GeneID:284273""; db_xref ""HGNC:HGNC:28697""; db_xref ""MIM:620604""; description ""prostaglandin reductase 3""; gbkey ""Gene""; gene ""PTGR3""; gene_biotype ""protein_coding""; gene_synonym ""PRG-3""; gene_synonym ""PTGR-3""; gene_synonym ""ZADH2""; "
NC_000018.10	BestRefSeq	gene	75210797	75289944	.	+	.	"gene_id ""TSHZ1""; transcript_id """"; db_xref ""GeneID:10194""; db_xref ""HGNC:HGNC:10669""; db_xref ""MIM:614427""; description ""teashirt zinc finger homeobox 1""; gbkey ""Gene""; gene ""TSHZ1""; gene_biotype ""protein_coding""; gene_synonym ""CAA""; gene_synonym ""NY-CO-33""; gene_synonym ""SDCCAG33""; gene_synonym ""TSH1""; "
NC_000018.10	BestRefSeq	gene	75409476	75427703	.	-	.	"gene_id ""SMIM21""; transcript_id """"; db_xref ""GeneID:284274""; db_xref ""HGNC:HGNC:27598""; description ""small integral membrane protein 21""; gbkey ""Gene""; gene ""SMIM21""; gene_biotype ""protein_coding""; gene_synonym ""C18orf62""; "
NC_000018.10	Gnomon	gene	76053751	76056546	.	-	.	"gene_id ""LOC105372204""; transcript_id """"; db_xref ""GeneID:105372204""; description ""uncharacterized LOC105372204""; gbkey ""Gene""; gene ""LOC105372204""; gene_biotype ""protein_coding""; "
NC_000018.10	BestRefSeq%2CGnomon	gene	76357682	76496419	.	-	.	"gene_id ""ZNF516""; transcript_id """"; db_xref ""GeneID:9658""; db_xref ""HGNC:HGNC:28990""; db_xref ""MIM:615114""; description ""zinc finger protein 516""; gbkey ""Gene""; gene ""ZNF516""; gene_biotype ""protein_coding""; gene_synonym ""HsT287""; "
NC_000018.10	BestRefSeq%2CGnomon	gene	76822557	76972901	.	+	.	"gene_id ""ZNF236""; transcript_id """"; db_xref ""GeneID:7776""; db_xref ""HGNC:HGNC:13028""; db_xref ""MIM:604760""; description ""zinc finger protein 236""; gbkey ""Gene""; gene ""ZNF236""; gene_biotype ""protein_coding""; gene_synonym ""ZNF236A""; gene_synonym ""ZNF236B""; "
NC_000018.10	BestRefSeq%2CGnomon	gene	76978833	77133708	.	-	.	"gene_id ""MBP""; transcript_id """"; db_xref ""GeneID:4155""; db_xref ""HGNC:HGNC:6925""; db_xref ""MIM:159430""; description ""myelin basic protein""; gbkey ""Gene""; gene ""MBP""; gene_biotype ""protein_coding""; "
NC_000018.10	BestRefSeq%2CGnomon	gene	77249848	77277900	.	+	.	"gene_id ""GALR1""; transcript_id """"; db_xref ""GeneID:2587""; db_xref ""HGNC:HGNC:4132""; db_xref ""MIM:600377""; description ""galanin receptor 1""; gbkey ""Gene""; gene ""GALR1""; gene_biotype ""protein_coding""; gene_synonym ""GALNR""; gene_synonym ""GALNR1""; "
NC_000018.10	BestRefSeq	gene	78979818	78998969	.	+	.	"gene_id ""SALL3""; transcript_id """"; db_xref ""GeneID:27164""; db_xref ""HGNC:HGNC:10527""; db_xref ""MIM:605079""; description ""spalt like transcription factor 3""; gbkey ""Gene""; gene ""SALL3""; gene_biotype ""protein_coding""; gene_synonym ""ZNF796""; "
NC_000018.10	BestRefSeq%2CGnomon	gene	79069394	79378283	.	+	.	"gene_id ""ATP9B""; transcript_id """"; db_xref ""GeneID:374868""; db_xref ""HGNC:HGNC:13541""; db_xref ""MIM:614446""; description ""ATPase phospholipid transporting 9B (putative)""; gbkey ""Gene""; gene ""ATP9B""; gene_biotype ""protein_coding""; gene_synonym ""ATPASEP""; gene_synonym ""ATPIIB""; gene_synonym ""hMMR1""; gene_synonym ""HUSSY-20""; gene_synonym ""NEO1L""; "
NC_000018.10	Gnomon	gene	79143867	79147847	.	+	.	"gene_id ""LOC124904331""; transcript_id """"; db_xref ""GeneID:124904331""; description ""uncharacterized LOC124904331""; gbkey ""Gene""; gene ""LOC124904331""; gene_biotype ""protein_coding""; "
NC_000018.10	Gnomon	gene	79345846	79347763	.	+	.	"gene_id ""LOC107985149""; transcript_id """"; db_xref ""GeneID:107985149""; description ""histidine-rich protein PFHRP-II-like""; gbkey ""Gene""; gene ""LOC107985149""; gene_biotype ""protein_coding""; "
NC_000018.10	BestRefSeq%2CGnomon	gene	79395930	79529323	.	+	.	"gene_id ""NFATC1""; transcript_id """"; db_xref ""GeneID:4772""; db_xref ""HGNC:HGNC:7775""; db_xref ""MIM:600489""; description ""nuclear factor of activated T cells 1""; gbkey ""Gene""; gene ""NFATC1""; gene_biotype ""protein_coding""; gene_synonym ""NF-ATC""; gene_synonym ""NF-ATc1.2""; gene_synonym ""NFAT2""; gene_synonym ""NFATc""; "
NC_000018.10	Gnomon	gene	79419249	79422903	.	+	.	"gene_id ""LOC124904333""; transcript_id """"; db_xref ""GeneID:124904333""; description ""octapeptide-repeat protein T2""; gbkey ""Gene""; gene ""LOC124904333""; gene_biotype ""protein_coding""; "
NC_000018.10	BestRefSeq%2CGnomon	gene	79676768	79756625	.	+	.	"gene_id ""CTDP1""; transcript_id """"; db_xref ""GeneID:9150""; db_xref ""HGNC:HGNC:2498""; db_xref ""MIM:604927""; description ""CTD phosphatase subunit 1""; gbkey ""Gene""; gene ""CTDP1""; gene_biotype ""protein_coding""; gene_synonym ""CCFDN""; gene_synonym ""FCP1""; "
NC_000018.10	BestRefSeq	gene	79797938	79900100	.	+	.	"gene_id ""KCNG2""; transcript_id """"; db_xref ""GeneID:26251""; db_xref ""HGNC:HGNC:6249""; db_xref ""MIM:605696""; description ""potassium voltage-gated channel modifier subfamily G member 2""; gbkey ""Gene""; gene ""KCNG2""; gene_biotype ""protein_coding""; gene_synonym ""KCNF2""; gene_synonym ""KV6.2""; "
NC_000018.10	BestRefSeq%2CGnomon	gene	79902420	79951653	.	-	.	"gene_id ""SLC66A2""; transcript_id """"; db_xref ""GeneID:80148""; db_xref ""HGNC:HGNC:26188""; description ""solute carrier family 66 member 2""; gbkey ""Gene""; gene ""SLC66A2""; gene_biotype ""protein_coding""; gene_synonym ""PQLC1""; "
NC_000018.10	BestRefSeq	gene	79964643	79970822	.	+	.	"gene_id ""HSBP1L1""; transcript_id """"; db_xref ""GeneID:440498""; db_xref ""HGNC:HGNC:37243""; description ""heat shock factor binding protein 1 like 1""; gbkey ""Gene""; gene ""HSBP1L1""; gene_biotype ""protein_coding""; "
NC_000018.10	BestRefSeq	gene	79970813	80033936	.	-	.	"gene_id ""TXNL4A""; transcript_id """"; db_xref ""GeneID:10907""; db_xref ""HGNC:HGNC:30551""; db_xref ""MIM:611595""; description ""thioredoxin like 4A""; gbkey ""Gene""; gene ""TXNL4A""; gene_biotype ""protein_coding""; gene_synonym ""BMKS""; gene_synonym ""DIB1""; gene_synonym ""DIM1""; gene_synonym ""SNRNP15""; gene_synonym ""TXNL4""; gene_synonym ""U5-15kD""; "
NC_000018.10	BestRefSeq	gene	80034434	80050651	.	+	.	"gene_id ""RBFA""; transcript_id """"; db_xref ""GeneID:79863""; db_xref ""HGNC:HGNC:26120""; db_xref ""MIM:620768""; description ""ribosome binding factor A""; gbkey ""Gene""; gene ""RBFA""; gene_biotype ""protein_coding""; gene_synonym ""C18orf22""; gene_synonym ""HsT169""; "
NC_000018.10	BestRefSeq%2CGnomon	gene	80109262	80140346	.	+	.	"gene_id ""ADNP2""; transcript_id """"; db_xref ""GeneID:22850""; db_xref ""HGNC:HGNC:23803""; db_xref ""MIM:617422""; description ""ADNP homeobox 2""; gbkey ""Gene""; gene ""ADNP2""; gene_biotype ""protein_coding""; gene_synonym ""ZNF508""; "
NC_000018.10	BestRefSeq	gene	80157232	80247514	.	-	.	"gene_id ""PARD6G""; transcript_id """"; db_xref ""GeneID:84552""; db_xref ""HGNC:HGNC:16076""; db_xref ""MIM:608976""; description ""par-6 family cell polarity regulator gamma""; gbkey ""Gene""; gene ""PARD6G""; gene_biotype ""protein_coding""; gene_synonym ""PAR-6G""; gene_synonym ""PAR6gamma""; "
